Event,FIGHTER,OPEN,CURRENT,IMPLIED,ELO,GPT,SIM,MMA-AI,CAPPERS,GROK,CLAUDE,GEMINI,CHAT GPT,DEEP SEEK,AI-AVERAGE,MODEL 75,NEW MODEL,SCRAP,CAGE PICKS,CAGE PICKS,ELO/IMPLIED,RESULTS,METHOD,ROUND
UFC 324,Justin Gaethje,160,190,33.1,40.99,33.41,32.5,24.0,22.4,41.25,42.37,38.58,41.82,41.72,41.15,38.45,37.02,35.65,36.96,37.29,37.05,W,UD,15
UFC 324,Paddy Pimblett,-185,-230,66.9,59.01,66.59,67.5,76.0,77.6,58.75,57.63,61.42,58.18,58.28,58.85,61.55,62.98,64.35,63.04,62.71,62.96,L,UD,15
UFC 324,Sean O'Malley,-300,-205,64.47,54.26,84.76,65.7,63.0,85.7,62.18,68.42,71.14,61.34,68.91,66.40,60.30,62.30,68.17,68.18,66.05,59.37,W,UD,15
UFC 324,Song Yadong,250,170,35.53,45.74,15.24,34.3,36.0,14.3,37.82,31.58,28.86,38.66,31.09,33.60,39.70,37.65,31.74,31.69,33.85,40.64,L,UD,15
UFC 324,Waldo Cortes Acosta,-205,-340,74.09,63.59,70.81,74.4,84.0,76.8,71.43,71.28,79.82,69.11,77.18,73.76,69.70,70.81,73.86,74.75,73.13,68.84,W,KO,R2
UFC 324,Derrick Lewis,175,270,25.91,36.41,29.19,25.6,16.0,23.2,28.57,28.72,20.18,30.89,22.82,26.24,30.30,29.19,26.14,25.25,26.87,31.16,L,KO,R2
UFC 324,Natalia Silva,-150,-345,74.41,63.06,77.6,72.6,85.0,92.7,74.56,78.94,82.45,72.44,79.63,77.60,70.68,71.79,77.58,77.90,75.71,68.74,W,UD,15
UFC 324,Rose Namajunas,130,275,25.59,36.94,22.4,27.4,15.0,7.3,25.44,21.06,17.55,27.56,20.37,22.40,29.32,28.21,22.42,22.10,24.29,31.27,L,UD,15
UFC 324,Arnold Allen,130,210,30.92,64.2,35.07,34.3,38.0,23.5,34.67,54.73,25.5,36.77,38.44,38.02,43.26,44.10,37.83,37.19,40.31,47.56,L,UD,15
UFC 324,Jean Silva,-150,-258,69.08,35.8,64.93,65.7,62.0,76.5,65.33,45.27,74.5,63.23,61.56,61.98,56.74,55.90,62.17,62.82,59.69,52.44,W,UD,15
UFC 324,Umar Nurmagomedov,-800,-1450,89.89,77.36,77.24,90.4,85.0,99,87.23,86.42,94.12,86.91,92.77,89.49,84.83,84.92,87.85,87.51,86.35,83.63,W,UD,15
UFC 324,Deiveson Figueiredo,550,850,10.11,22.64,22.76,9.6,15.0,1,12.77,13.58,5.88,13.09,7.23,10.51,15.17,15.08,12.15,12.49,13.65,16.38,L,UD,15
UFC 324,Ateba Gautier,-900,-950,86.77,64.12,72.41,87.2,65.0,96.9,84.56,73.84,92.1,81.94,88.91,84.27,78.48,77.21,81.25,80.75,79.06,75.45,W,UD,15
UFC 324,Andrey Pulyaev,600,625,13.23,35.88,27.59,12.8,35.0,3.1,15.44,26.16,7.9,18.06,11.09,15.73,21.52,22.79,18.75,19.26,20.94,24.56,L,UD,15
UFC 324,Nikita Krylov,170,124,42.79,47.33,48.9,45.7,24.0,16.7,45.67,48.92,36.59,48.66,55.18,47.00,45.26,44.77,41.86,44.20,44.39,45.06,W,KO,R3
UFC 324,Modestas Bukauskas,-200,-148,57.21,52.67,51.1,54.3,76.0,83.3,54.33,51.08,63.41,51.34,44.82,53.00,54.74,55.23,58.14,55.80,55.61,54.94,L,KO,R3
UFC 324,Alex Perez,170,145,39.08,35.57,40.67,40,32.0,10.5,43.21,46.83,34.88,46.81,45.11,43.37,39.29,38.61,37.70,41.19,40.14,37.33,W,KO,R1
UFC 324,Charles Johnson,-200,-175,60.92,64.43,59.33,60,68.0,89.5,56.79,53.17,65.12,53.19,54.89,56.63,60.71,61.39,62.30,58.81,59.86,62.68,L,KO,R1
UFC 324,Josh Hokit,-200,-225,66.36,49.81,59.23,71,71.0,88.3,68.45,71.84,72.88,71.28,71.25,71.14,61.54,61.93,69.22,69.62,66.85,58.09,W,KO,R1
UFC 324,Denzel Freeman,170,185,33.64,50.19,40.77,29,29.0,11.7,31.55,28.16,27.12,28.72,28.75,28.86,38.46,38.07,30.78,30.38,33.15,41.92,L,KO,R1
UFC 324,Adam Fugitt,250,350,21.33,45.32,50.81,18.3,31.0,8.9,24.56,38.72,15.38,29.41,25.14,26.64,30.40,31.94,28.08,29.17,30.63,33.33,L,KO,R1
UFC 324,Ty Miller,-300,-455,78.67,54.68,49.19,81.7,69.0,91.1,75.44,61.28,84.62,70.59,74.86,73.36,69.60,68.06,71.92,70.84,69.37,66.68,W,KO,R1
UFC 325,Alexander Volkanovski,-150,-147,57.46,68.91,72.3,59.3,54.0,53.3,58.23,64.23,59.8,58.6,61.8,60.54,61.53,62.47,60.73,61.04,61.77,63.19,W,UD,15
UFC 325,Diego Lopes,130,127,42.54,31.09,27.7,40.7,46.0,46.7,41.77,35.77,40.2,41.4,38.2,39.46,38.47,37.53,39.27,38.96,38.23,36.82,L,UD,15
UFC 325,Dan Hooker,330,290,26.04,28.83,33.14,27.4,15.0,14.1,32.45,38.47,21.58,27.12,28.45,29.61,29.11,27.61,26.60,27.95,27.98,27.44,L,KO,R2
UFC 325,Benoit Saint-Denis,-400,-365,73.96,71.17,66.86,72.6,85.0,85.9,67.55,61.53,78.42,72.88,71.55,70.39,70.89,72.39,73.40,72.05,72.02,72.57,W,KO,R2
UFC 325,Rafael Fiziev,-110,105,47.18,76.23,28.94,47.4,48.0,51.6,50.67,53.18,51.12,43.08,51.22,49.85,58.03,56.70,49.87,46.70,50.86,61.71,L,KO,R2
UFC 325,Mauricio Ruffy,-110,-125,52.82,23.77,71.06,52.6,52.0,48.4,49.33,46.82,48.88,56.92,48.78,50.15,41.97,43.30,50.13,53.30,49.14,38.30,W,KO,R2
UFC 325,Tai Tuivasa,250,250,27.59,77.63,47.51,28.2,15.0,22.5,29.81,42.61,28.78,20.69,19.81,28.34,45.01,44.76,32.74,29.05,35.51,52.61,L,UD,15
UFC 325,Tallison Teixeira,-300,-310,72.41,22.37,52.49,71.8,85.0,77.5,70.19,57.39,71.22,79.31,80.19,71.66,54.99,55.24,67.26,70.95,64.49,47.39,W,UD,15
UFC 325,Quillan Salkilld,-700,-1000,86.3,78.2,69.08,86.3,85.0,100,84.56,76.84,88.42,85.02,87.44,84.46,83.02,82.44,84.29,82.83,82.57,82.25,W,SUB,R1
UFC 325,Jamie Mullarkey,525,650,13.7,21.8,30.92,13.7,15.0,0,15.44,23.16,11.58,14.98,12.56,15.54,16.98,17.56,15.71,17.17,17.43,17.75,L,SUB,R1
UFC 325,Junior Tafa,150,215,31.72,16.13,39.93,31.5,18.0,3.4,36.78,44.56,29.85,36.59,36.77,36.91,28.21,27.37,29.57,34.25,31.50,23.93,L,SUB,R2
UFC 325,Billy Elekana,-175,-265,68.28,83.87,60.07,68.5,82.0,96.6,63.22,55.44,70.15,63.41,63.23,63.09,71.79,72.63,70.43,65.75,68.50,76.08,W,SUB,R2
UFC 325,Cam Rowston,-300,-375,75.56,74.34,56.3,75.1,85.0,96.6,72.34,68.92,72.8,78.12,79.33,74.30,74.08,74.46,75.86,73.49,73.86,74.95,W,KO,R2
UFC 325,Cody Brundage,250,295,24.44,25.66,43.7,24.9,15.0,3.4,27.66,31.08,27.2,21.88,20.67,25.70,25.92,25.54,24.14,26.51,26.14,25.05,L,KO,R2
UFC 325,Jacob Malkoun,-250,-155,57.11,64.86,48.06,60,33.0,53.3,60.12,59.73,64.88,61.88,54.18,60.16,60.70,59.07,56.10,55.23,56.75,60.99,W,UD,15
UFC 325,Torrez Finney,210,130,42.89,35.14,51.94,40,67.0,46.7,39.88,40.27,35.12,38.12,45.82,39.84,39.30,40.93,43.90,44.77,43.25,39.02,L,UD,15
UFC 325,Jonathan Micallef,-110,-130,55.07,38.76,56.19,55.1,60.0,52.3,53.89,56.82,58.1,48.56,52.88,54.05,49.24,49.67,53.42,55.19,52.91,46.92,W,SUB,R2
UFC 325,Oban Elliott,-110,110,44.93,61.24,43.81,44.9,40.0,47.7,46.11,43.18,41.9,51.44,47.12,45.95,50.76,50.33,46.58,44.81,47.09,53.09,L,SUB,R2
UFC 325,Kaan Ofli,160,180,34.52,36.42,22.21,34.3,32.0,27,38.45,47.35,31.78,31.98,37.41,37.39,36.46,35.13,33.95,34.44,34.76,35.47,W,MD,15
UFC 325,Yizha,-185,-218,65.48,63.58,77.79,65.7,68.0,73,61.55,52.65,68.22,68.02,62.59,62.61,63.54,64.88,66.05,65.57,65.24,64.53,L,MD,15
UFC 325,Sangwook Kim,175,114,39.33,59.68,43.43,39.33,33.0,24.2,43.67,51.24,37.6,54.11,48.25,46.97,47.56,47.61,43.08,43.83,45.57,49.51,L,UD,15
UFC 325,Dom Mar Fan,-205,-135,60.67,40.32,56.57,60.67,67.0,75.8,56.33,48.76,62.4,45.89,51.75,53.03,52.44,52.39,56.92,56.17,54.43,50.50,W,UD,15
UFC 325,Keiichiro Nakamura,170,110,47.83,49.28,55.98,47.83,28.0,41.5,47.89,55.89,45.9,57.03,49.11,51.16,48.33,48.52,47.84,48.45,48.47,48.56,W,KO,R3
UFC 325,Sebastian Szalay,-200,-130,52.17,50.72,44.02,52.17,72.0,58.5,52.11,44.11,54.1,42.97,50.89,48.84,51.67,51.48,52.16,51.55,51.53,51.45,L,KO,R3
UFC 325,Sulangrangbo,165,-270,69.8,56.36,37.03,69.8,77.0,70.1,65.78,63.47,47.7,62.94,65.33,61.04,63.98,62.43,62.30,61.13,61.17,63.08,L,SD,15
UFC 325,Lawrence Lui,-190,220,30.2,43.64,62.97,30.2,23.0,29.9,34.22,36.53,52.3,37.06,34.67,38.96,36.02,37.57,37.70,38.87,38.83,36.92,W,SD,15
Vegas 113,Mario Bautista,-140,-148,57.35,52.58,53.8,62.2,45.0,66.3,62.80,63.47,61.24,66.8,68.1,64.50,57.58,56.79,59.97,60.44,59.30,54.97,W,SUB,R2
Vegas 113,Vinicius Oliveira,120,124,42.65,47.42,46.2,37.8,55.0,33.7,37.20,36.53,38.76,33.2,31.9,35.50,42.42,43.21,40.02,39.56,40.70,45.04,L,SUB,R2
Vegas 113,Amir Albazi,185,275,22.2,12.15,50.03,24.9,21.0,0,30.50,38.76,31.42,21.09,22.47,28.85,21.62,21.46,24.96,30.02,26.95,17.18,L,UD,15
Vegas 113,Kyoji Horiguchi,-220,-345,77.8,87.85,49.97,75.1,79.0,100,69.50,61.24,68.58,78.91,77.53,71.15,78.38,78.54,75.04,69.98,73.05,82.83,W,UD,15
Vegas 113,Jailton Almeida,-550,-162,59.01,79.89,77.88,57.2,69.0,65.5,65.90,72.34,70.21,71.36,72.83,70.53,68.27,69.50,69.19,69.59,70.24,69.45,L,UD,15
Vegas 113,Rizvan Kuniev,420,136,40.99,20.11,22.12,42.8,31.0,34.5,34.10,27.66,29.79,28.64,27.17,29.47,31.73,30.50,30.81,30.41,29.76,30.55,W,UD,15
Vegas 113,Michal Oleksiejczuk,-225,-420,83.63,69.56,76.04,75.1,71.0,98.8,70.10,68.92,73.12,63.27,65.22,68.13,74.43,74.51,74.07,70.35,71.21,76.60,W,UD,15
Vegas 113,Marc-Andre Barriault,190,310,16.37,30.44,23.96,24.9,29.0,1.2,29.90,31.08,26.88,36.73,34.78,31.87,25.57,25.49,25.93,29.65,28.79,23.41,L,UD,15
Vegas 113,Jean Matsumoto,330,240,30.21,36.54,43.5,28.2,12.0,19.3,31.60,42.81,31.55,27.51,38.77,34.45,32.78,32.91,31.09,31.99,32.40,33.38,L,SD,15
Vegas 113,Farid Basharat,-400,310,69.79,63.46,56.5,71.8,88.0,80.7,68.40,57.19,68.45,72.49,61.23,65.55,67.22,67.09,68.91,68.01,67.60,66.63,W,SD,15
Vegas 113,Dustin Jacoby,-135,-192,65.34,85.76,50.94,62.2,40.0,80.2,60.20,64.28,61.88,58.12,58.91,60.68,70.43,69.39,62.53,57.07,61.67,75.55,W,KO,R2
Vegas 113,Julius Walker,115,154,34.66,14.24,49.06,37.8,60.0,19.8,39.80,35.72,38.12,41.88,41.09,39.32,29.57,30.61,37.47,42.93,38.33,24.45,L,KO,R2
Vegas 113,Alex Morono,385,490,13.48,27.94,21.54,17.8,12.0,2.5,22.90,34.62,17.45,30.12,19.88,24.99,21.44,21.15,20.02,22.04,22.22,20.71,L,UD,15
Vegas 113,Daniil Donchenko,-500,-750,86.52,72.06,78.46,82.2,88.0,97.5,77.10,65.38,82.55,69.88,80.12,75.01,78.56,78.85,79.98,77.96,77.78,79.29,W,UD,15
Vegas 113,Nikolay Veretennikov,-250,-280,77.16,51.56,51.88,71.8,67.0,85.7,69.40,62.47,68.74,61.03,62.34,64.80,66.04,64.35,66.28,64.33,63.63,64.36,W,KO,R1
Vegas 113,Niko Price,210,220,22.84,48.44,48.12,28.2,33.0,14.3,30.60,37.53,31.26,38.97,37.66,35.20,33.96,35.65,33.72,35.67,36.37,35.64,L,KO,R1
Vegas 113,Bruna Brasil,130,130,43.67,40.86,54.12,40,62.0,54.9,54.30,47.93,53.12,61.22,49.23,53.16,46.28,45.76,51.03,52.74,50.66,42.27,L,UD,15
Vegas 113,Ketlen Souza,-150,-155,56.33,59.14,45.88,60,38.0,45.1,45.70,52.07,46.88,38.78,50.77,46.84,53.72,54.24,48.97,47.26,49.34,57.74,W,UD,15
Vegas 113,Gianni Vazquez,675,525,15.46,39.17,36,15.3,35.0,0,14..89,15.46,18.66,14.92,12.58,15.41,27.32,25.25,20.26,21.13,23.42,27.32,L,UD,15
Vegas 113,Javid Basharat,-1000,-700,84.54,60.83,64,84.7,65.0,100,85.11,84.54,81.34,85.08,87.42,84.70,76.83,75.01,80.23,79.65,77.67,72.69,W,UD,15
Vegas 113,Cong Wang,-300,-355,77.98,37.92,38.84,66.7,63.0,85.9,72.60,71.84,77.21,79.44,71.45,74.51,62.83,61.18,67.53,67.64,64.48,57.95,W,UD,15
Vegas 113,Eduarda Moura,250,280,22.02,62.08,61.16,33.3,37.0,14.1,27.40,28.16,22.79,20.56,28.55,25.49,37.17,38.82,32.47,32.37,35.52,42.05,L,UD,15
Vegas 113,Muin Gafurov,-150,-122,54.91,35.42,66.09,54.3,39.0,53.2,50.98,51.38,43.88,43.13,52.34,48.34,47.10,46.82,49.51,50.14,48.47,45.17,L,SUB,R3
Vegas 113,Jakub Wiklacz,130,102,45.09,64.58,33.91,45.7,61.0,46.8,49.02,48.62,56.12,56.87,47.66,51.66,52.90,53.18,50.49,49.86,51.53,54.84,W,SUB,R3
Vegas 113,Klaudia Sygula,-300,-155,56.33,47.91,66.03,57.2,69.0,64.6,53.80,56.28,59.88,46.08,55.23,54.25,52.68,54.06,57.49,57.94,56.43,52.12,W,UD,15
Vegas 113,Priscila Cachoeira,250,130,43.67,52.09,33.97,42.8,31.0,35.4,46.20,43.72,40.12,53.92,44.77,45.75,47.32,45.94,42.51,42.06,43.57,47.88,L,UD,15
Houston,Sean Strickland,210,230,29.34,36.44,18.54,58.1,20.0,9.1,31.55,36.47,31.58,31.6,28.5,31.93,32.44,32.61,30.11,32.04,32.30,32.89,W,KO,R3
Houston,Anthony Hernandez,-250,-270,70.66,63.56,81.46,41.9,80.0,90.9,68.45,63.53,68.42,68.4,71.5,68.07,67.56,67.39,69.89,67.96,67.70,67.11,L,KO,R3
Houston,Geoff Neal,-180,-200,64.29,69.08,42.57,62.2,59.0,78.2,61.20,58.14,64.87,64.1,58.77,61.42,64.86,64.08,62.04,58.86,60.75,66.69,L,KO,R1
Houston,Uros Medic,155,170,35.71,30.92,57.43,37.8,41.0,21.8,38.80,41.86,35.13,35.9,41.23,38.58,35.14,35.92,37.96,41.14,39.25,33.32,W,KO,R1
Houston,Dan Ige,105,185,33.79,39.77,24.88,35.5,11.0,12.6,35.90,37.83,38.55,38.3,33.29,36.77,36.49,35.16,31.04,31.91,33.05,36.78,L,KO,R1
Houston,Melquizael Costa,-125,-220,66.21,60.23,75.12,64.5,89.0,87.4,64.10,62.17,61.45,61.7,66.71,63.23,63.51,64.84,68.96,68.09,66.95,63.22,W,KO,R1
Houston,Serghei Spivac,160,125,42.89,45.43,39.03,41.7,59.0,21.2,41.30,46.72,48.78,55.8,45.77,47.67,43.21,45.19,44.33,47.26,46.42,44.16,W,UD,15
Houston,Ante Delija,-185,-145,57.11,54.57,60.97,58.3,41.0,78.8,58.70,53.28,51.22,44.2,54.23,52.33,56.79,54.81,55.67,52.74,53.58,55.84,L,UD,15
Houston,Jacobe Smith,-500,-270,70.66,47.18,71.63,71.8,80.0,85,76.30,71.34,81.33,82.5,75.82,77.46,64.71,64.73,73.96,76.34,72.13,58.92,W,KO,R1
Houston,Josiah Harrell,385,230,29.34,52.82,28.37,28.2,20.0,15,23.70,28.66,18.67,17.5,24.18,22.54,35.29,35.27,26.04,23.66,27.87,41.08,L,KO,R1
Houston,Zach Reese,130,125,42.89,30.02,35.82,40.7,43.0,46,37.60,43.17,37.82,37.7,40.16,39.29,36.84,37.47,39.53,39.50,38.41,36.46,L,SD,15
Houston,Michel Pereira,-150,-145,57.11,69.98,64.18,59.3,57.0,54,62.40,56.83,62.18,62.3,59.84,60.71,63.16,62.53,60.47,60.50,61.59,63.55,W,SD,15
Houston,Chidi Njokuani,220,100,47.83,44.38,58.05,44.9,44.0,48,45.20,48.93,45.88,43.1,43.29,45.28,45.80,46.29,46.69,46.67,46.40,46.11,L,UD,15
Houston,Carlos Leal,-260,-120,52.17,55.62,41.95,55.1,56.0,52,54.80,51.07,54.12,56.9,56.71,54.72,54.20,53.71,53.31,53.33,53.60,53.90,W,UD,15
Houston,Ode Osbourne,170,105,46.75,21.19,31.72,44.9,37.0,46.5,40.80,44.28,33.12,36.6,56.08,42.18,36.25,36.17,39.90,40.56,38.35,33.97,L,UD,15
Houston,Alibi Idiris,-200,-125,53.25,78.81,68.28,55.1,63.0,53.5,59.20,55.72,66.88,63.4,43.92,57.82,63.75,63.83,60.10,59.44,61.65,66.03,W,UD,15
Houston,Alden Coria,-185,-265,70.23,68.85,55.04,70.5,80.0,97.1,67.10,71.83,72.45,74.6,70.24,71.24,68.73,69.77,72.54,70.22,70.14,69.54,W,UD,15
Houston,Luis Gurule,160,225,29.77,31.15,44.96,29.5,20.0,2.9,32.90,28.17,27.55,25.4,29.76,28.76,31.27,30.23,27.46,29.78,29.86,30.46,L,UD,15
Houston,Nora Cornolle,185,250,27.59,43.2,31.53,26.6,13.0,4,28.50,32.47,25.88,30.8,28.93,29.32,33.10,32.67,26.59,27.21,29.27,35.40,L,SUB,R2
Houston,Joselyne Edwards,-220,-300,72.41,56.8,68.47,73.4,87.0,96,71.50,67.53,74.12,69.2,71.07,70.68,66.90,67.33,73.41,72.79,70.73,64.61,W,SUB,R2
Houston,Ramiz Brahimaj,146,110,45.73,41.88,33.45,53.2,25.0,59.4,46.10,52.84,59.55,58.1,55.82,54.48,44.57,45.21,48.28,48.01,47.08,43.81,L,UD,15
Houston,Punahele Soriano,-171,-130,54.27,58.12,66.55,46.8,75.0,40.6,53.90,47.16,40.45,41.9,44.18,45.52,55.43,54.79,51.72,51.99,52.92,56.20,W,UD,15
Houston,Phil Rowe,210,175,35.11,60.54,47.58,35.5,10.0,19.2,36.20,37.62,48.22,68.8,37.66,45.70,43.95,45.28,39.68,40.20,42.40,47.83,L,SD,15
Houston,Jean-Paul Lebosnoyani,-250,-205,64.89,39.46,52.42,64.5,90.0,80.8,63.80,62.38,51.78,31.2,62.34,54.30,56.05,54.72,60.32,59.80,57.60,52.18,W,SD,15
Houston,Jordan Leavitt,450,330,22.52,39.91,39.56,22.8,11.0,2,25.80,28.43,21.1,20.9,24.09,24.06,29.41,28.88,23.46,24.21,26.12,31.22,W,UD,15
Houston,Yadier del Valle,-600,-400,77.48,60.09,60.44,77.2,89.0,98,74.20,71.57,78.9,79.1,75.91,75.94,70.59,71.12,76.54,75.79,73.88,68.79,L,UD,15
Houston,Juliana Miller,285,550,14.85,31.82,33.93,14.8,90.0,2,20.40,22.47,13.56,11.6,19.44,17.49,22.36,24.98,24.99,28.28,27.59,23.34,L,UD,15
Houston,Carli Judice,-350,-750,85.15,68.18,66.07,85.2,10.0,98,79.60,77.53,86.44,88.4,80.56,82.51,77.64,75.02,75.01,71.73,72.41,76.67,W,UD,15
Mexico,Brandon Moreno,-175,-205,64.46,89.48,44.25,66.4,53.0,86.5,68.45,60.52,71.42,69.8,70.34,68.11,74.13,72.32,67.70,63.03,66.12,76.97,L,UD,25
Mexico,Lone’er Kavanagh,150,170,35.54,10.52,55.75,33.6,47.0,13.5,31.55,39.48,28.58,30.2,29.66,31.89,25.87,27.68,32.30,36.97,33.88,23.03,W,UD,25
Mexico,Marlon Vera,130,235,71.36,60,25.13,28.6,25.0,5.7,32.10,48.35,21.55,25.37,35.92,32.66,54.49,53.87,34.46,30.25,30.57,65.68,L,UD,15
Mexico,David Martinez,-150,-290,28.64,40,74.87,71.4,75.0,94.3,67.90,51.65,78.45,74.63,64.08,67.34,45.51,46.13,65.54,69.75,69.43,34.32,W,UD,15
Mexico,Daniel Zellhuber,-500,-500,80.01,50.01,64.89,80.4,80.0,88.4,78.20,51.11,86.12,82.94,76.44,74.96,69.41,68.34,74.41,75.01,75.25,65.01,L,KO,R2
Mexico,King Green,375,380,19.99,49.99,35.11,19.6,20.0,11.6,21.80,48.89,13.88,17.06,23.56,25.04,30.59,31.66,25.59,24.99,24.75,34.99,W,KO,R2
Mexico,Edgar Chairez,-220,-325,73.36,47.95,64.47,73.4,74.0,96.6,74.80,52.48,71.1,77.92,68.21,68.90,65.37,63.62,70.39,69.55,70.89,60.66,W,SD,15
Mexico,Felipe Bunes,185,260,26.64,52.05,35.53,26.6,25.0,3.4,25.20,47.52,28.9,22.08,31.79,31.10,34.63,36.34,29.52,30.33,29.01,39.35,L,SD,15
Mexico,Imanol Rodriguez,-210,-455,78.68,74.48,62.52,77.7,80.0,89.7,81.10,59.28,68.22,81.47,82.15,74.44,78.09,75.74,75.94,74.06,75.10,76.58,W,KO,R2
Mexico,Kevin Borjas,180,350,21.32,25.52,37.48,22.3,20.0,10.3,18.90,40.72,31.78,18.53,17.85,25.56,21.91,24.26,24.06,25.95,24.90,23.42,L,KO,R2
Mexico,Santiago Luna,-400,-650,83.17,81.05,60.42,80,80.0,98.8,84.60,77.01,89.34,86.11,78.44,83.10,82.94,81.24,81.72,79.49,81.31,82.11,W,UD,15
Mexico,Angel Pacheco,300,470,16.83,18.95,39.58,20,20.0,1.2,15.40,22.99,10.66,13.89,21.56,16.90,17.06,18.76,18.28,20.51,18.69,17.89,L,UD,15
Mexico,Ryan Gandra,-550,-650,83.17,91.11,75.47,63.0,80.0,98.8,84.20,64.57,94.15,84.32,74.91,80.43,86.16,83.95,81.25,77.58,79.87,87.14,W,KO,R1
Mexico,Jose Medina,420,470,16.83,8.89,24.53,37.0,20.0,1.2,15.80,35.43,5.85,15.68,25.09,19.57,13.84,16.05,18.75,22.42,20.13,12.86,L,KO,R1
Mexico,Ailin Perez,-110,-175,60.92,66.58,62.95,61.6,80.0,87.4,60.50,57.63,74.31,68.77,63.57,64.96,62.67,64.56,67.66,66.17,68.30,63.75,W,UD,15
Mexico,Macy Chiasson,-110,145,39.08,33.42,37.05,38.4,20.0,12.6,39.50,42.37,25.69,31.23,36.43,35.04,37.33,35.44,32.34,33.83,31.70,36.25,L,UD,15
Mexico,Cristian Quinonez,-500,-675,83.71,65.46,77.66,83.7,80.0,88.2,85.20,66.48,91.22,89.73,80.23,82.57,78.12,76.98,81.05,81.78,81.63,74.59,W,UD,15
Mexico,Kris Moutinho,385,490,16.29,34.54,22.34,16.3,20.0,11.8,14.80,33.52,8.78,10.27,19.77,17.43,21.88,23.02,18.95,18.22,18.37,25.42,L,UD,15
Mexico,Douglas Silva de Andrade,180,195,32.49,49.31,29.44,33.6,14.0,23.8,34.10,54.03,35.8,41.92,41.88,41.55,38.63,39.13,35.49,35.60,35.52,40.90,L,KO,R1
Mexico,Javier Reyes,-210,-238,67.51,50.69,70.56,66.4,86.0,76.2,65.90,45.97,64.2,58.08,58.12,58.45,61.37,60.87,64.51,64.40,64.48,59.10,W,KO,R1
Mexico,Ernesta Kareckaite,-325,-175,60.92,31.98,"65,93",59.3,58.0,50,57.20,38.7,58.21,68.16,51.3,54.71,50.03,49.58,53.38,55.84,54.29,46.45,L,UD,15
Mexico,Regina Tarin,130,145,39.08,68.02,34.07,40.7,42.0,50,42.80,61.3,41.79,31.84,48.7,45.29,49.97,50.00,45.48,42.90,44.51,53.55,W,UD,15
Mexico,Erik Silva,350,525,15.35,35.1,18.52,19.6,42.0,1.2,16.80,40.20,25.35,13.67,22.41,23.69,22.42,25.09,22.75,24.82,23.27,25.23,L,SUB,R1
Mexico,Francis Marshall,-450,-750,84.65,64.90,81.48,80.4,58.0,98.8,83.20,59.8,74.65,86.33,77.59,76.31,77.58,74.91,77.25,75.18,76.73,74.78,W,SUB,R1
Mexico,Damian Pinas,-525,-250,68.54,71.49,37.31,69.1,80.0,72.8,70.30,53.18,78.91,75.48,66.81,68.94,70.11,68.81,67.63,66.39,67.11,70.02,W,KO,R1
Mexico,Wes Schultz,410,205,31.46,28.51,62.69,30.9,20.0,27.2,29.70,46.82,21.09,24.52,33.19,31.06,29.89,31.19,32.37,33.61,32.89,29.99,L,KO,R1
UFC 326,Max Holloway,-150,-220,66.78,48.08,62.11,65.0,68.0,78.6,64.80,53.29,68.42,63.84,69.42,63.95,59.89,59.74,64.39,64.36,65.09,57.43,L,UD,25
UFC 326,Charles Oliveira,130,170,33.22,51.92,37.89,35.0,32.0,21.4,35.20,46.71,31.58,36.16,30.58,36.05,40.11,40.26,35.61,35.64,34.91,42.57,W,UD,25
UFC 326,Caio Borralho,-260,-250,68.67,57.43,55.15,70,72.0,76.5,68.50,55.83,78.15,68.42,74.38,69.06,64.87,64.63,67.73,67.80,68.30,63.05,W,UD,15
UFC 326,Reinier de Ridder,220,205,31.33,42.57,44.85,30,28.0,23.5,31.50,44.17,21.85,31.58,25.62,30.94,35.13,35.37,32.27,32.20,31.70,36.95,L,UD,15
UFC 326,Rob Font,375,220,31.64,67.61,24.48,32.5,90.0,22.3,38.00,47.74,28.76,40.56,47.92,40.60,45.75,47.67,42.86,43.75,42.43,49.63,L,UD,15
UFC 326,Raul Rosas Jr.,-500,-270,68.36,32.39,75.52,67.5,10.0,77.6,62.00,52.26,71.24,59.44,52.08,59.40,54.25,52.34,57.13,56.26,57.56,50.38,W,UD,15
UFC 326,Drew Dober,160,-102,49.51,40.23,39.92,47.4,45.0,49,51.20,47.34,53.88,54.62,46.16,50.64,46.98,45.98,47.66,48.19,47.98,44.87,W,KO,R2
UFC 326,Michael Johnson,-185,-118,50.49,59.77,60.08,52.6,55.0,51,48.80,52.66,46.12,45.38,53.84,49.36,53.02,54.02,52.34,51.81,52.02,55.13,L,KO,R2
UFC 326,Gregory Rodrigues,-150,-162,59.52,65.57,45.61,61.6,59.0,65.7,63.10,55.2,70.11,66.01,62.15,63.31,62.73,61.81,61.23,60.35,61.01,62.55,W,KO,R2
UFC 326,Brunno Ferreira,130,136,40.48,34.43,54.39,38.4,41.0,34.3,36.90,44.8,29.89,33.99,37.85,36.69,37.27,38.19,38.77,39.65,38.99,37.46,L,KO,R2
UFC 326,Cody Garbrandt,170,130,42.63,65.16,30.19,46.5,22.0,61.6,46.30,51.26,40.68,41.09,44.26,44.72,51.36,49.36,44.70,40.29,43.05,53.90,W,UD,15
UFC 326,Long Xiao,-200,-155,57.37,34.84,69.81,53.5,78.0,38.4,53.70,48.74,59.32,58.91,55.74,55.28,48.64,50.64,55.30,59.72,56.95,46.11,L,UD,15
UFC 326,Donte Johnson,-800,-800,84.55,66.51,74.27,85.2,80.0,96,78.40,60.73,85.12,79.42,78.91,76.52,76.49,76.27,79.01,77.76,79.10,75.53,W,SD,15
UFC 326,Cody Brundage,550,520,15.45,33.49,25.73,14.8,20.0,4,21.60,39.27,14.88,20.58,21.09,23.48,23.51,23.73,20.99,22.24,20.90,24.47,L,SD,15
UFC 326,Alberto Montes,-185,-180,59.09,75.17,54.98,61.6,83.0,93.7,62.80,55.5,64.55,65.11,58.65,61.32,65.69,65.84,66.74,63.27,66.19,67.13,W,SUB,R2
UFC 326,Ricky Turcios,160,150,40.91,24.83,45.02,38.4,17.0,6.3,37.20,44.5,35.45,34.89,41.35,38.68,34.31,34.16,33.26,36.73,33.81,32.87,L,SUB,R2
UFC 326,Cody Durden,-110,136,40.48,33.69,31.53,40.7,55.0,45.5,42.90,50.44,41.9,42.89,46.98,45.02,39.02,39.40,42.91,44.04,43.86,37.09,L,UD,15
UFC 326,Nyamjargal Tumendemberel,-110,-162,59.52,66.31,68.47,59.3,45.0,54.5,57.10,49.56,58.1,57.11,53.02,54.98,60.98,60.60,57.09,55.96,56.14,62.92,W,UD,15
UFC 326,Sumudaerji,-250,-218,65.69,33.88,31.23,66.9,80.0,55.6,70.70,55.69,79.81,72.88,68.23,69.46,56.76,55.08,61.87,65.68,63.54,49.79,W,UD,15
UFC 326,Jesus Aguilar,210,180,34.31,66.12,68.67,33.1,20.0,44.4,29.30,44.31,20.19,27.12,31.77,30.54,43.24,44.91,38.12,34.31,36.45,50.22,L,UD,15
UFC 326,Rafael Tobias,-300,-180,58.33,60.25,31.88,61.6,49.0,93.8,66.20,50.83,65.22,69.33,61.44,62.60,61.59,58.51,60.72,56.94,60.16,59.29,L,UD,15
UFC 326,Diyar Nurgozhay,250,150,41.67,39.75,68.12,38.4,51.0,6.2,33.80,49.17,34.78,30.67,38.56,37.40,38.41,41.49,39.28,43.06,39.84,40.71,W,UD,15
UFC 326,Luke Fernandez,-110,-218,65.69,39.98,57.23,66.9,80.0,89,66.20,54.62,81.12,61.05,63.97,65.39,57.29,57.35,65.98,66.39,67.42,52.84,L,KO,R2
UFC 326,Rodolfo Bellato,-110,180,34.31,60.02,42.77,33.1,20.0,11,33.80,45.38,18.88,38.95,36.03,34.61,42.71,42.65,34.02,33.61,32.58,47.17,W,KO,R2
Vegas 114,Josh Emmett,375,417,18.71,45.66,16.05,18.8,27.0,2.5,20.36,36.34,33.91,27.84,24.83,28.66,28.24,30.00,24.73,25.64,27.65,32.19,L,KO,R3
Vegas 114,Kevin Vallejos,-500,-526,81.29,54.34,83.95,81.2,73.0,97.5,79.64,63.66,66.09,72.16,75.17,71.34,71.76,70.00,75.27,74.36,72.35,67.82,W,KO,R3
Vegas 114,Amanda Lemos,210,193,32.99,45.7,26,36.3,28.0,19,37.38,44.33,47.08,40.92,42.68,42.48,38.69,38.84,36.40,37.84,38.47,39.35,L,UD,15
Vegas 114,Gillian Robertson,-250,-226,67.01,54.3,74,63.7,72.0,81,62.62,55.67,52.92,59.08,57.32,57.52,61.31,61.16,63.60,62.16,61.53,60.66,W,UD,15
Vegas 114,Ion Cutelaba,170,226,29.66,43.8,24.2,32.5,32.0,4.1,29.61,48.16,20.86,37.92,43.87,36.08,34.36,35.70,31.52,33.64,34.47,36.73,W,SUB,R1
Vegas 114,Oumar Sy,-200,-267,70.34,56.2,75.8,67.5,68.0,85.9,70.39,51.84,79.14,62.08,56.13,63.92,65.64,64.30,67.57,66.36,65.46,63.27,L,SUB,R1
Vegas 114,Andre Fili,250,343,21.84,44.79,23.97,27.4,26.0,1.3,29.97,40.04,36.84,33.48,34.82,35.03,32.20,32.73,29.13,31.57,32.53,33.32,L,SD,15
Vegas 114,Jose Delgado,-300,-421,78.16,55.21,76.03,72,74.0,98.7,70.03,59.96,63.16,66.52,65.18,64.97,67.80,67.24,70.81,68.36,67.41,66.69,W,SD,15
Vegas 114,Marwan Rahiki,-200,-256,69.51,35.87,65.21,68.5,71.0,100,68.41,67.63,62.73,60.11,71.23,66.02,57.93,57.41,67.29,66.85,63.09,52.69,W,KO,R2
Vegas 114,Harry Hardwick,170,217,30.49,64.13,34.79,31.5,29.0,0,31.59,32.37,37.27,39.89,28.77,33.98,42.07,42.59,32.71,33.15,36.91,47.31,L,KO,R2
Vegas 114,Vitor Petrino,-250,-224,66.87,84.11,49.57,67.5,63.0,68.8,64.43,50.62,47.48,63.05,68.92,58.90,71.80,70.10,63.12,59.32,63.31,75.49,W,UD,15
Vegas 114,Steven Asplund,210,192,33.13,15.89,50.43,32.5,37.0,31.2,35.57,49.38,52.52,36.95,31.08,41.10,28.20,29.90,36.88,40.68,36.69,24.51,L,UD,15
Vegas 114,Charles Johnson,-170,-166,60.36,45.72,58.12,56.5,37.0,67.5,35.29,44.58,50.40,58.08,58.33,49.34,47.12,51.96,51.99,49.79,49.61,53.04,W,SD,15
Vegas 114,Bruno Silva,145,144,39.64,54.28,41.88,43.5,63.0,32.5,64.71,55.42,49.60,41.92,41.67,50.66,52.88,48.04,48.01,50.21,50.39,46.96,L,SD,15
Vegas 114,Brad Tavares,-185,102,48.07,48.21,49.86,55.1,42.0,43.2,55.52,50.41,46.08,58.72,52.34,52.61,50.60,49.18,49.96,51.25,50.71,48.14,L,UD,15
Vegas 114,Eryk Anders,160,-115,51.93,51.79,50.14,44.9,58.0,56.8,44.48,49.59,53.92,41.28,47.66,47.39,49.40,50.82,50.04,48.75,49.29,51.86,W,UD,15
Vegas 114,Chris Curtis,210,283,25.26,21.46,15.3,30,18.0,9.1,34.59,39.59,38.16,38.94,38.91,38.04,27.10,26.14,28.12,31.69,29.85,23.36,L,UD,15
Vegas 114,Myktybek Orolbai,-250,-340,74.74,78.54,84.7,70,82.0,90.9,65.41,60.41,61.84,61.06,61.09,61.96,72.90,73.86,71.88,68.31,70.15,76.64,W,UD,15
Vegas 114,Bolaji Oki,170,229,29.4,16.28,28.81,30.0,28.0,9.2,26.73,40.51,44.84,31.41,31.42,34.98,24.14,26.13,28.78,32.71,29.98,22.84,L,KO,R3
Vegas 114,Manoel Sousa,-200,-270,70.6,83.72,71.19,70.0,72.0,90.8,73.27,59.49,55.16,68.59,68.58,65.02,75.86,73.87,71.22,67.29,70.02,77.16,W,KO,R3
Vegas 114,Luan Lacerda,170,200,32.18,47.11,37.95,35.5,33.0,6.5,32.81,41.73,42.16,36.51,36.78,38.00,37.37,38.78,34.75,37.06,37.81,39.65,L,UD,15
Vegas 114,Hecher Sosa,-200,-229,67.82,52.89,62.05,64.5,67.0,93.5,67.19,58.27,57.84,63.49,63.22,62.00,62.63,61.22,65.25,62.94,62.19,60.36,W,UD,15
Vegas 114,Bia Mesquita,-500,-612,83.53,66.52,56.32,83.53,71.0,92.3,77.94,70.76,62.98,82.44,81.23,75.07,76.00,74.44,75.32,73.28,73.21,75.03,W,SUB,R1
Vegas 114,Montserrat Rendon,375,490,16.47,33.48,43.68,16.47,29.0,7.7,22.06,29.24,37.02,17.56,18.77,24.93,24.00,25.56,24.68,26.72,26.79,24.98,L,SUB,R1
Vegas 114,Elijah Smith,-250,-245,68.69,37.61,46.52,63.7,70.0,90.9,64.81,56.27,59.94,67.52,68.34,63.38,57.04,56.15,63.12,62.14,59.47,53.15,W,SUB,R2
Vegas 114,Su Young You,210,209,31.31,62.39,53.48,36.3,30.0,9.1,35.19,43.73,40.06,32.48,31.66,36.62,42.96,43.85,36.88,37.86,40.53,46.85,L,SUB,R2
Vegas 114,Piera Rodriguez,-200,-150,58.3,66.52,69.42,58.3,62.0,55.8,52.54,53.97,50.36,57.08,51.89,53.17,59.12,60.59,57.83,56.95,58.20,62.41,W,UD,15
Vegas 114,Sam Hughes,170,133,41.7,33.48,30.58,41.7,38.0,44.2,47.46,46.03,49.64,42.92,48.11,46.83,40.88,39.41,42.17,43.05,41.80,37.59,L,UD,15
London,Movsar Evloev,-250,-251,69.11,61.73,56.27,66.9,62.0,79.1,66.23,68.86,64.12,74.92,65.34,67.89,65.69,65.47,66.78,65.58,65.38,65.42,W,MD,25
London,Lerone Murphy,210,213,30.89,38.27,43.73,33.1,38.0,20.9,33.77,31.14,35.88,25.08,34.66,32.11,34.31,34.53,33.22,34.42,34.62,34.58,L,MD,25
London,Luke Riley,-175,-186,64.39,72.71,75.31,69.1,71.0,91.9,66.40,57.57,78.45,71.33,68.21,68.39,67.83,68.92,71.49,69.67,69.85,68.55,W,UD,15
London,Michael Aswell,150,178,35.61,27.29,24.69,30.9,29.0,8.1,33.60,42.43,21.55,28.67,31.79,31.61,32.17,31.08,28.51,30.33,30.15,31.45,L,UD,15
London,Michael Page,-155,-170,62.35,84.7,67.57,61.6,60.0,77.1,61.60,48.26,72.88,59.02,62.87,60.93,69.55,69.59,65.27,61.73,64.97,73.53,W,UD,15
London,Sam Patterson,135,163,37.65,15.3,32.43,38.4,40.0,22.9,38.40,51.74,27.12,40.98,37.13,39.07,30.45,30.41,34.73,38.28,35.03,26.48,L,UD,15
London,Iwo Baraniewski,-450,-621,82.93,82.15,66.06,81.7,71.0,100,71.91,54.24,85.12,78.88,74.15,72.86,79.00,79.32,77.10,72.88,74.89,82.54,W,KO,R1
London,Austen Lane,350,464,17.07,17.85,33.94,18.3,29.0,0,28.09,45.76,14.88,21.12,25.85,27.14,21.00,20.68,22.90,27.12,25.11,17.46,L,KO,R1
London,Roman Dolidze,250,347,21.54,61.1,40.96,22.3,19.0,4.7,74.64,38.09,27.9,34.81,41.89,43.47,52.43,40.03,35.18,37.45,40.44,41.32,L,UD,15
London,Christian Leroy Duncan,-300,-439,78.46,38.9,59.04,77.7,81.0,95.3,25.36,61.91,72.1,65.19,58.11,56.53,47.57,59.97,64.82,62.55,59.56,58.68,W,UD,15
London,Kurtis Campbell,-150,-236,67.61,62.4,75.36,64.5,71.0,75,61.55,77.92,68.45,62.88,71.58,68.48,63.85,66.39,68.93,69.16,68.00,65.01,L,KO,R2
London,Danny Silva,130,197,32.39,37.6,24.64,35.5,29.0,25,38.45,22.08,31.55,37.12,28.42,31.52,36.15,33.61,31.07,30.85,32.00,35.00,W,KO,R2
London,Mason Jones,-250,-139,56.02,55.85,35.17,52.6,58.0,72.3,51.29,54.64,61.22,61.33,61.44,57.98,54.39,55.44,56.35,54.46,54.78,55.94,W,UD,15
London,Axel Sola,210,119,43.98,44.15,64.83,47.4,42.0,27.7,48.71,45.36,38.78,38.67,38.56,42.02,45.61,44.56,43.65,45.54,45.22,44.07,L,UD,15
London,Nathaniel Wood,-110,200,32.1,39.32,65.64,33.6,40.0,47,63.79,57.87,33.2,47.88,44.87,49.52,45.07,39.93,45.93,48.36,46.57,35.71,W,SD,15
London,Losene Keita,-110,-239,67.9,60.68,34.36,66.4,60.0,53,36.21,42.13,66.8,52.12,55.13,50.48,54.93,60.07,54.07,51.64,53.43,64.29,L,SD,15
London,Mario Pinto,-300,-871,86.39,86.84,74.83,86.3,70.0,100,83.56,76.20,89.22,84.12,79.63,82.55,85.60,84.57,83.37,80.48,81.90,86.62,W,UD,15
London,Felipe Franco,250,607,13.61,13.16,25.17,13.7,30.0,0,16.44,23.80,10.78,15.88,20.37,17.45,14.40,15.43,16.63,19.52,18.10,13.39,L,UD,15
London,Antonio Trocoli,300,577,14.21,19.89,37.66,14.8,29.0,0,19.06,11.19,15.85,17.56,22.79,17.29,17.72,18.36,18.36,20.99,20.25,17.05,L,UD,15
London,Mantas Kondratavicius,-400,-816,85.79,80.11,62.34,85.2,71.0,100,80.94,88.81,84.15,82.44,77.21,82.71,82.28,81.64,81.64,79.01,79.75,82.95,W,UD,15
London,Louie Sutherland,-185,203,31.77,53.78,24.63,30.0,36.0,4.8,74.12,9.98,24.88,29.44,41.52,35.99,53.22,39.79,32.81,33.82,37.23,42.78,L,KO,R1
London,Brando Pericic,160,-243,68.23,46.22,75.37,70.0,64.0,95.2,25.88,90.02,75.12,70.56,58.48,64.01,46.78,60.21,67.19,66.18,62.77,57.23,W,KO,R1
London,Shem Rock,160,-125,53.25,44.7,42.57,46.8,58.0,64.3,52.44,38.32,54.2,48.92,53.27,49.43,50.13,49.09,50.62,49.32,49.11,48.98,L,UD,15
London,Abdul-Kareem Al-Selwady,-185,105,46.75,55.3,57.43,53.2,42.0,35.7,47.56,61.68,45.8,51.08,46.73,50.57,49.87,50.91,49.38,50.69,50.89,51.03,W,UD,15
London,Shanelle Dyer,-200,-469,79.73,64.59,39,79.1,71.0,96.3,77.74,61.39,84.63,82.91,71.94,75.72,74.02,71.76,73.48,70.96,70.96,72.16,W,KO,R2
London,Ravena Oliveira,170,377,20.27,35.41,61,20.9,29.0,3.7,22.26,38.61,15.37,17.09,28.06,24.28,25.98,28.24,26.52,29.04,29.04,27.84,L,KO,R2
Seattle,Israel Adesanya,-110,-146,57.61,48.96,43.74,54.3,45.0,41.7,49.22,51.34,59.84,57.82,53.21,54.29,51.93,52.79,51.16,51.81,51.62,53.29,L,KO,R2
Seattle,Joe Pyfer,-110,124,42.39,51.04,56.26,45.7,55.0,58.3,50.78,48.66,40.16,42.18,46.79,45.71,48.07,47.21,48.84,48.19,48.38,46.72,W,KO,R2
Seattle,Alexa Grasso,170,157,37.48,41.86,18.81,38.4,17.0,41.1,42.64,43.12,37.85,44.91,44.12,42.53,40.66,38.40,37.03,35.86,36.97,39.67,W,KO,R1
Seattle,Maycee Barber,-200,-185,62.52,58.14,81.19,61.6,83.0,58.9,57.36,56.88,62.15,55.09,55.88,57.47,59.34,61.60,62.97,64.14,63.03,60.33,L,KO,R1
Seattle,Michael Chiesa,-500,-800,85.2,71.51,75,75,56.0,98.8,95.39,83.47,88.42,78.64,87.22,86.63,84.03,78.87,81.33,79.89,79.60,78.36,W,SUB,R1
Seattle,Niko Price,375,550,14.8,28.49,25,25,44.0,1.2,4.61,16.53,11.58,21.36,12.78,13.37,15.97,21.13,18.67,20.11,20.40,21.65,L,SUB,R1
Seattle,Julian Erosa,285,267,26.27,52.81,46.43,26.6,12.0,15.9,52.97,34.67,56.78,34.88,29.11,41.68,44.02,38.59,35.31,36.68,38.53,39.54,L,KO,R1
Seattle,Lerryan Douglas,-350,-327,73.73,47.19,53.57,73.4,88.0,84.1,47.03,65.33,43.22,65.12,70.89,58.32,55.98,61.41,64.69,63.32,61.47,60.46,W,KO,R1
Seattle,Mansur Abdul-Malik,-140,-121,52.77,49.23,55.66,51.7,42.0,60,48.99,56.43,58.45,54.73,53.92,54.50,50.33,51.58,53.08,52.74,52.22,51.00,L,KO,R3
Seattle,Yousri Belgaroui,120,104,47.23,50.77,44.34,48.3,58.0,40,51.01,43.57,41.55,45.27,46.08,45.50,49.67,48.42,46.92,47.27,47.78,49.00,W,KO,R3
Seattle,Terrance McKinney,-175,-171,60.82,30.91,62.47,60.4,73.0,69.7,31.50,62.38,52.11,63.92,58.34,53.65,41.08,49.92,56.87,58.02,53.92,45.87,W,KO,R1
Seattle,Kyle Nelson,150,146,39.18,69.09,37.53,39.6,27.0,30.3,68.50,37.62,47.89,36.08,41.66,46.35,58.92,50.09,43.13,41.99,46.08,54.14,L,KO,R1
Seattle,Ignacio Bahamondes,-200,-284,71.23,57.21,75.48,71.4,73.0,94.3,57.23,67.82,77.14,68.12,69.88,68.04,61.89,66.15,71.16,70.01,68.19,64.22,L,UD,15
Seattle,Tofiq Musayev,170,235,28.77,42.79,24.52,28.6,27.0,5.7,42.77,32.18,22.86,31.88,30.12,31.96,38.11,33.85,28.84,29.99,31.81,35.78,W,UD,15
Seattle,Chase Hooper,-350,-271,70.37,76.4,84.29,70.5,73.0,88.6,75.59,72.14,64.88,72.44,74.21,71.85,74.12,73.38,74.77,73.38,73.78,73.39,L,KO,R1
Seattle,Lance Gibson Jr.,285,225,29.63,24.5,15.71,29.5,27.0,11.4,24.41,27.86,35.12,27.56,25.79,28.15,26.18,26.92,25.32,26.62,26.34,27.07,W,KO,R1
Seattle,Marcin Tybura,-160,114,44.98,52.31,68.24,45.7,35.0,43.2,51.96,52.81,48.21,49.88,48.33,50.24,49.75,49.10,49.15,50.02,50.04,48.65,L,UD,15
Seattle,Tyrell Fortune,140,-133,55.02,47.69,31.74,54.3,65.0,56.8,48.04,47.19,51.79,50.12,51.67,49.76,50.25,50.90,50.85,49.98,49.96,51.36,W,UD,15
Seattle,Casey O’Neill,110,-105,49.33,50.22,64.34,46.8,56.0,42.2,48.82,52.63,50.25,52.91,46.12,50.15,49.46,50.59,50.87,52.23,51.63,49.78,W,KO,R1
Seattle,Gabriella Fernandes,-130,-111,50.67,49.78,35.66,53.2,44.0,57.8,51.18,47.37,49.75,47.09,53.88,49.85,50.54,49.41,49.13,47.77,48.37,50.23,L,KO,R1
Seattle,Navajo Stirling,-425,-563,81.79,58.88,81.57,82.2,73.0,100,58.14,78.34,86.12,79.44,86.22,77.65,66.27,72.93,78.70,78.13,75.38,70.34,W,KO,R1
Seattle,Bruno Lopes,355,429,18.21,41.12,18.43,17.8,27.0,0,41.86,21.66,13.88,20.56,13.78,22.35,33.73,27.07,21.30,21.87,24.62,29.67,L,KO,R1
Seattle,Ricky Simon,135,-140,56.1,61.72,67.2,58.3,61.0,75.9,62.07,62.47,64.22,61.88,61.33,62.39,59.96,60.04,62.93,62.31,61.96,58.91,MD,DRAW,15
Seattle,Adrian Yanez,-155,119,43.9,38.28,32.8,41.7,39.0,24.1,37.93,37.53,35.78,38.12,38.67,37.61,40.04,39.96,37.07,37.69,38.04,41.09,MD,DRAW,15
Seattle,Alexia Thainara,-350,-686,84.07,77.48,71.2,84,70.0,100,76.17,79.63,81.95,84.11,85.33,81.44,79.24,80.20,81.27,79.05,79.20,80.78,W,UD,15
Seattle,Bruna Brasil,285,504,15.9,22.52,28.8,16,30.0,0,23.83,20.37,18.05,15.89,14.67,18.56,20.75,19.79,18.73,20.95,20.80,19.21,L,UD,15
Seattle,Renato Moicano,-220,144,40.58,62.68,27,39.1,46.9,14.4,52.84,28.30,54.12,41.82,53.56,46.13,52.03,48.74,41.94,42.96,45.54,51.63,W,SUB,R2
Seattle,Chris Duncan,185,-150,59.42,37.32,73,60.9,53.1,85.6,47.16,71.70,45.88,58.18,46.44,53.87,47.97,51.26,58.06,57.05,54.46,48.37,L,SUB,R2
Vegas 115,Virna Jandiroba,-190,-117,53.47,66.06,28,54.3,50.6,59.1,61.27,64.80,62.11,54.91,65.27,61.67,60.27,58.23,56.35,55.16,56.72,59.77,W,UD,15
Vegas 115,Tabatha Ricci,165,113,46.53,33.94,72,45.7,49.4,40.9,38.73,35.20,37.89,45.09,34.73,38.33,39.73,41.77,43.65,44.84,43.28,40.24,L,UD,15
Vegas 115,Abdul Rakhman Yakhyaev,-1400,-1150,91.09,69.72,67,90.8,73.0,100,88.34,91.40,94.18,91.12,96.32,92.27,83.05,82.44,86.63,86.52,84.66,80.41,W,SUB,R1
Vegas 115,Brendson Ribeiro,850,1011,8.91,30.28,33,9.2,27.0,0,11.66,8.60,5.82,8.88,3.68,7.73,16.95,17.56,13.37,13.48,15.34,19.60,L,SUB,R1
Vegas 115,Rafael Estevam,-215,122,44.61,78.51,78,43.7,49.1,43.2,71.92,56.80,58.92,44.77,54.20,57.32,65.01,60.10,56.70,57.18,59.61,61.56,L,KO,R3
Vegas 115,Ethyn Ewing,185,-127,55.39,21.49,22,56.3,50.9,56.8,28.08,43.20,41.08,55.23,45.80,42.68,34.99,39.90,43.30,42.82,40.39,38.44,W,KO,R3
Vegas 115,Tommy McMillen,-500,-809,88.12,67.42,71,89.3,73.0,97.7,84.19,87.00,88.42,89.77,91.89,88.25,79.91,79.95,84.35,84.32,82.35,77.77,W,KO,R1
Vegas 115,Manolo Zecchini,385,733,11.88,32.58,29,10.7,27.0,2.3,15.81,13.00,11.58,10.23,8.11,11.75,20.09,20.05,15.65,15.68,17.65,22.23,L,KO,R1
Vegas 115,Jose Delano,-275,-285,73.25,51.9,43,73.4,60.0,89.7,68.45,79.60,71.25,71.42,78.44,73.83,64.53,64.45,69.13,68.20,66.44,62.58,W,UD,15
Vegas 115,Robert Ruchala,235,270,26.75,48.1,57,26.6,40.0,10.3,31.55,20.4,28.75,28.58,21.56,26.17,35.47,35.55,30.87,31.81,33.56,37.43,L,UD,15
Vegas 115,Thomas Petersen,-130,-104,50.49,53.98,33,51.7,56.6,33.3,52.13,49.10,46.72,50.88,42.68,48.30,52.20,50.77,47.33,47.85,48.84,52.24,W,MD,15
Vegas 115,Guilherme Pat,110,100,49.51,46.02,67,48.3,43.4,66.7,47.87,50.90,53.28,49.12,57.32,51.70,47.80,49.23,52.67,52.15,51.16,47.77,L,MD,15
Vegas 115,Alessandro Costa,-450,-355,77.24,67.59,43,77.2,68.9,95.3,73.18,75.30,74.33,73.21,79.02,75.01,72.67,71.78,73.12,70.52,70.76,72.42,W,KO,R2
Vegas 115,Stewart Nicoll,350,335,22.76,32.41,57,22.8,31.1,4.7,26.82,24.70,25.67,26.79,20.98,24.99,27.33,28.22,26.88,29.48,29.24,27.59,L,KO,R2
Vegas 115,Lando Vannata,-170,-203,65.71,65.79,65,66.4,37.1,72.1,64.27,63.20,65.18,70.62,68.34,66.32,65.26,64.67,63.97,62.51,63.26,65.75,L,KO,R2
Vegas 115,Darrius Flowers,145,186,34.29,34.21,35,33.6,62.9,27.9,35.73,36.80,34.82,29.38,31.66,33.68,34.74,35.33,36.03,37.49,36.74,34.25,W,KO,R2
Vegas 115,Hailey Cowan,120,122,44.61,35.81,37,45.7,27.0,28.6,41.29,45.80,51.44,46.16,54.66,47.87,40.57,41.35,41.64,43.63,42.47,40.21,W,KO,R2
Vegas 115,Alice Pereira,-140,-127,55.39,64.19,63,54.3,73.0,71.4,58.71,54.20,48.56,53.84,45.34,52.13,59.43,58.65,58.36,56.37,57.53,59.79,L,KO,R2
Vegas 115,Azamat Bekoev,-850,-525,83.16,81.29,58,82.7,53.7,100,82.46,79.80,81.45,81.44,83.76,81.78,82.30,79.95,78.89,75.41,77.01,82.23,L,SUB,R3
Vegas 115,Tresean Gore,625,488,16.84,18.71,42,17.3,46.3,0,17.54,20.20,18.55,18.56,16.24,18.22,17.70,20.05,21.11,24.59,22.99,17.78,W,SUB,R3
Vegas 115,Dione Barbosa,105,-117,53.47,30.47,44,54.3,45.3,71.4,44.38,44.10,49.12,52.63,55.23,49.09,42.77,44.19,49.49,48.63,46.51,41.97,W,MD,15
Vegas 115,Melissa Gatto,-125,113,46.53,69.53,56,45.7,54.7,28.6,55.62,55.90,50.88,47.37,44.77,50.91,57.23,55.81,50.51,51.37,53.49,58.03,L,MD,15
Vegas 115,Dakota Hope,165,138,41.6,24.84,57,42.8,43.8,56,33.55,42.7,38.6,35.73,31.66,36.45,33.33,35.72,40.75,40.73,38.56,33.22,L,UD,15
Vegas 115,Kai Kamaka,-190,-144,58.4,75.16,43,57.2,56.2,44,66.45,57.3,61.4,64.27,68.34,63.55,66.67,64.28,59.25,59.27,61.44,66.78,W,UD,15
UFC 327,Jiri Prochazka,145,-107,49.78,51.61,38.4,51.7,59.4,63.5,53.8,53.62,53.12,54.12,52.31,53.39,52.34,51.76,53.43,53.02,52.06,52.24,L,KO,R1
UFC 327,Carlos Ulberg,-170,-109,50.22,48.35,61.6,48.3,40.6,36.5,46.2,46.38,46.88,45.88,47.69,46.61,47.63,48.21,46.47,46.97,47.94,47.75,W,KO,R1
UFC 327,Azamat Murzakanov,-155,-204,64.63,62.90,71.57,64.5,56.4,76.2,67.4,66.84,66.82,66.83,66.12,66.80,64.40,63.87,61.17,66.23,65.81,65.23,L,KO,R3
UFC 327,Paulo Costa,135,172,35.37,37.10,28.43,35.5,43.6,23.8,32.6,33.16,33.18,33.17,33.88,33.20,35.60,36.13,38.83,33.77,34.19,34.77,W,KO,R3
UFC 327,Curtis Blaydes,-160,-120,52.56,72.24,29.57,54.3,12.0,76,64.1,72.84,59.45,72.41,71.45,68.05,69.52,66.33,91.91,59.69,54.52,59.85,L,UD,15
UFC 327,Josh Hokit,140,103,47.44,27.77,70.43,45.7,88.0,24,35.9,27.16,40.55,27.59,28.55,31.95,30.48,33.67,8.09,40.31,45.49,40.15,W,UD,15
UFC 327,Dominick Reyes,-150,-151,57.96,58.04,34.21,56.3,53.0,67.3,55.7,54.07,52.18,57.11,48.92,53.60,57.26,55.84,58.11,54.08,51.44,52.94,W,SD,15
UFC 327,Johnny Walker,130,129,42.04,41.97,65.79,43.7,47.0,32.7,44.3,45.93,47.82,42.89,51.08,46.40,42.74,44.16,41.89,45.92,48.56,47.06,L,SD,15
UFC 327,Cub Swanson,170,-107,49.78,61.52,55.91,48.9,45.2,78.8,47.9,54.21,47.6,44.98,45.72,48.08,56.98,57.28,73.26,53.84,48.80,52.35,W,KO,R1
UFC 327,Nate Landwehr,-200,-109,50.22,38.48,44.09,51.1,54.8,21.2,52.1,45.79,52.4,55.02,54.28,51.92,43.02,42.72,26.74,46.16,51.20,47.65,L,KO,R1
UFC 327,Patricio Pitbull,180,253,27.28,47.94,28.32,27.8,29.9,20.2,28.4,43.86,23.5,22.36,21.07,27.84,41.43,41.34,68.6,31.03,28.15,33.52,L,UD,15
UFC 327,Aaron Pico,-210,-308,72.72,52.06,71.68,72.2,70.1,79.8,71.6,56.14,23.5,77.64,78.93,61.56,58.57,56.45,31.4,64.16,65.22,61.35,W,UD,15
UFC 327,Kevin Holland,-110,-103,48.79,45.22,46.52,53.2,58.4,45.5,48.2,47.83,42.1,40.88,38.73,43.55,46.21,45.80,41.64,46.53,46.98,46.39,W,UD,15
UFC 327,Randy Brown,-110,-114,51.21,54.79,53.48,46.8,41.6,54.5,51.8,52.17,57.9,59.12,61.27,56.45,53.79,54.20,58.36,53.47,53.02,53.61,L,UD,15
UFC 327,Mateusz Gamrot,-220,-193,63.39,71.81,65.56,63.1,54.1,63.6,64.7,74.19,64.2,68.77,69.84,68.34,69.44,69.73,80.23,66.52,65.56,67.38,W,SUB,R2
UFC 327,Esteban Ribovics,185,163,36.61,28.19,34.44,36.9,45.9,36.4,35.3,25.81,35.8,31.23,30.16,31.66,30.56,30.27,19.77,33.48,34.44,32.62,L,SUB,R2
UFC 327,Tatiana Suarez,-225,-157,58.86,68.99,55.37,54.9,59.5,76.3,61.3,72.34,68.15,66.52,73.56,68.37,66.42,67.31,79.11,65.99,63.96,65.73,W,SUB,R2
UFC 327,Lupita Godinez,190,134,41.14,31.02,44.63,45.1,40.5,23.7,38.7,27.66,31.85,33.48,26.44,31.63,33.58,32.69,20.89,34.01,36.05,34.27,L,SUB,R2
UFC 327,MarQuel Mederos,130,134,41.10,33.48,53.57,58.3,48.6,16,39.8,57.83,36.2,36.59,41.07,42.30,35.59,37.82,25.86,41.36,46.50,43.01,MD,DRAW,15
UFC 327,Chris Padilla,-150,-158,58.90,66.52,46.43,41.7,51.4,84,60.2,42.17,63.8,63.41,58.93,57.70,64.41,62.18,74.14,58.64,53.51,56.99,MD,DRAW,15
UFC 327,Kelvin Gastelum,-200,-274,70.55,66.29,60.85,71.4,47.6,93.9,68.9,63.47,71.45,64.88,64.28,66.60,67.16,65.56,62.03,67.21,64.10,64.53,L,SUB,R1
UFC 327,Vicente Luque,170,227,29.45,33.71,39.15,28.6,52.4,6.1,31.1,36.53,28.55,35.12,35.72,33.40,32.84,34.44,37.97,32.79,35.90,35.47,W,SUB,R1
UFC 327,Charles Radtke,-250,-173,61.02,63.39,23.71,60.9,32.9,93.8,63.5,59.14,65.1,65.94,67.19,64.17,63.43,60.53,65.76,59.91,54.80,57.14,W,UD,15
UFC 327,Francisco Prado,210,147,38.98,36.61,76.29,39.1,67.1,6.2,36.5,40.86,34.9,34.06,32.81,35.83,36.57,39.47,34.24,40.09,45.20,42.86,L,UD,15
Winnipeg,Gilbert Burns,255,255,27.22,45.6,14.61,28.6,22.0,19.3,32.47,28.41,28.16,31.84,41.27,32.43,35.10,36.41,29.04,28.42,30.65,36.41,L,KO,R2
Winnipeg,Mike Malott,-305,-305,72.78,54.4,85.39,71.4,78.0,80.7,67.53,71.59,71.84,68.16,58.73,67.57,64.90,63.59,70.96,71.58,69.35,63.59,W,KO,R2
Winnipeg,Kyler Phillips,130,130,42.02,37.39,34.02,42.8,35.7,8.2,48.19,38.22,43.59,46.72,54.33,46.21,42.53,39.71,39.20,42.95,41.95,39.71,L,UD,15
Winnipeg,Charles Jourdain,-150,-150,57.98,62.61,65.98,57.2,64.3,91.8,51.81,61.78,56.41,53.28,45.67,53.79,57.47,60.30,60.80,57.05,58.05,60.30,W,UD,15
Winnipeg,Mandel Nallo,-180,-180,62.11,56.85,63.27,60.4,73.0,75,58.76,64.37,64.92,56.18,68.91,62.63,59.24,59.48,63.98,63.73,62.51,59.48,L,KO,R1
Winnipeg,Jai Herbert,155,155,37.89,43.15,36.73,39.6,27.0,25,41.24,35.63,35.08,43.82,31.09,37.37,40.76,40.52,36.02,36.27,37.49,40.52,W,KO,R1
Winnipeg,Jasmine Jasudavicius,-270,-270,70.66,65.29,53.14,72.6,61.4,96.5,64.12,72.44,68.15,64.55,74.22,68.70,66.69,67.98,69.37,66.33,66.92,67.98,W,UD,15
Winnipeg,Karine Silva,230,230,29.34,34.71,46.86,27.4,38.6,3.5,35.88,27.56,31.85,35.45,25.78,31.30,33.31,32.03,30.63,33.67,33.08,32.03,L,UD,15
Winnipeg,Thiago Moises,112,112,45.33,83.33,33.67,44.9,41.1,46.4,42.11,44.18,52.10,58.44,62.15,51.80,56.92,64.33,50.34,47.33,51.87,64.33,L,SD,15
Winnipeg,Gauge Young,-132,-132,54.67,16.67,66.33,55.1,58.9,53.6,57.89,55.82,47.90,41.56,37.85,48.20,43.08,35.67,49.66,52.67,48.13,35.67,W,SD,15
Winnipeg,Dennis Buzukja,355,355,21.14,20.2,28.21,20.0,32.2,4.8,28.66,24.33,25.45,25.08,44.12,29.53,23.33,20.67,24.93,28.51,26.20,20.67,L,KO,R1
Winnipeg,Marcio Barbosa,-455,-455,78.86,79.8,71.79,80.0,67.8,95.2,71.34,75.67,74.55,74.92,55.88,70.47,76.67,79.33,75.07,71.49,73.80,79.33,W,KO,R1
Winnipeg,Robert Valentin,-135,-135,55.26,44.34,39.67,57.2,68.0,61.5,46.79,57.12,58.20,61.77,68.78,58.53,48.80,49.80,56.24,57.19,54.94,49.80,W,SUB,R1
Winnipeg,Julien Leblanc,115,115,44.74,55.66,60.33,42.8,32.0,38.5,53.21,42.88,41.80,38.23,31.22,41.47,51.20,50.20,43.76,42.81,45.06,50.20,L,SUB,R1
Winnipeg,Tanner Boser,138,138,40.87,52.09,80.97,41.7,45.3,24.4,62.45,41.33,38.70,57.88,61.55,52.38,51.80,46.48,49.75,53.74,51.76,46.48,L,KO,R2
Winnipeg,Gokhan Saricam,-155,-155,59.13,47.91,19.03,58.3,54.7,75.6,37.55,58.67,61.30,57.88,38.45,50.77,48.20,53.52,51.68,48.24,49.61,53.52,W,KO,R2
Winnipeg,Melissa Croden,-135,-135,57.24,45.86,65.1,58.3,53.6,74.7,55.78,38.44,54.12,45.09,48.22,48.33,52.96,51.55,54.22,52.33,52.34,51.55,W,UD,15
Winnipeg,Daria Zhelezniakova,133,133,42.76,54.14,34.9,41.7,46.4,25.3,44.22,61.56,45.88,54.91,51.78,51.67,47.04,48.45,45.78,47.67,47.66,48.45,L,UD,15
Winnipeg,JJ Aldrich,135,135,41.18,40.06,42.36,41.7,47.5,13.9,40.33,36.22,32.55,32.67,60.77,40.51,40.52,40.62,39.02,41.76,41.23,40.62,W,UD,15
Winnipeg,Jamey-Lyn Horth,-155,-155,58.82,59.94,57.64,58.3,52.5,86.1,59.67,63.78,67.45,67.33,39.23,59.49,59.48,59.38,60.98,58.24,58.77,59.38,L,UD,15
Winnipeg,John Castaneda,-120,-120,52.17,78.93,41.61,54.3,46.1,60.5,54.89,50.44,55.80,55.88,49.88,53.38,62.00,65.55,54.59,51.11,55.23,65.55,MD,DRAW,15
Winnipeg,Mark Vologdin,100,100,47.83,21.07,58.39,45.7,53.9,39.5,45.11,49.56,44.20,44.12,50.12,46.62,38.00,34.45,45.41,48.89,44.77,34.45,MD,DRAW,15
Winnipeg,Jamie Siraj,-256,-256,69.44,85.21,43.87,69.6,61.6,93,65.12,71.88,72.15,71.11,68.88,69.83,73.26,77.33,70.17,65.53,68.94,77.33,L,KO,R1
Winnipeg,John Yannis,216,216,30.56,14.79,56.13,30.4,38.4,7,34.88,28.12,27.85,28.89,31.12,30.17,26.74,22.68,29.83,34.47,31.06,22.68,W,KO,R1
Perth,Jack Della Maddalena,150,-103,48.48,44.74,72.58,47.4,57.2,34.0,48.12,47.82,51.42,54.82,51.78,50.79,47.11,49.04,50.76,53.89,52.66,46.61,L,KO,R3
Perth,Carlos Prates,-175,-117,51.52,55.26,27.42,52.6,42.8,66.0,51.88,52.18,48.58,45.18,48.22,49.21,52.89,50.96,49.24,46.11,47.34,53.39,W,KO,R3
Perth,Beneil Dariush,210,340,21.81,71.88,45.4,21.3,18.0,4.1,42.67,28.67,29.14,31.44,34.15,33.21,45.45,41.68,31.69,31.35,33.41,46.85,L,KO,R1
Perth,Quillan Salkilld,-250,-440,78.19,28.12,54.6,78.7,82.0,95.9,57.33,71.33,70.86,68.56,65.85,66.79,54.55,58.32,68.31,68.65,66.59,53.16,W,KO,R1
Perth,Tim Elliott,210,290,24.73,73.39,37.85,24.3,30.7,26.5,39.84,41.28,31.95,38.66,42.55,38.86,45.99,44.67,37.43,35.89,37.59,49.06,L,UD,15
Perth,Steve Erceg,-250,-355,75.27,26.61,62.15,75.7,69.3,73.5,60.16,58.72,68.05,61.34,57.45,61.14,54.01,55.33,62.57,64.11,62.41,50.94,W,UD,15
Perth,Marwan Rahiki,-426,-426,74.3,72.55,50,84.7,61.6,100,82.67,76.44,76.84,79.64,76.92,78.50,76.51,73.48,75.97,73.60,74.03,73.43,W,KO,R1
Perth,Ollie Schmid,257,257,25.7,27.45,50,15.3,38.4,0,17.33,23.56,23.16,20.36,23.08,21.50,23.49,26.52,24.03,26.40,25.97,26.58,L,KO,R1
Perth,Shamil Gaziev,-155,120,43.8,80.44,27.91,45.7,23.5,16.2,62.45,42.56,46.12,42.19,48.99,48.46,62.23,55.56,43.62,42.43,45.27,62.12,L,KO,R2
Perth,Brando Pericic,135,-140,56.2,19.56,72.09,54.3,76.5,83.8,37.55,57.44,53.88,57.81,51.01,51.54,37.77,44.44,56.38,57.57,54.73,37.88,W,KO,R2
Perth,Tai Tuivasa,-150,-185,62.79,83.41,61.99,61,52.3,78.5,71.23,68.94,69.25,64.21,58.77,66.48,72.48,69.89,66.58,63.46,65.01,73.10,L,UD,15
Perth,Louie Sutherland,130,160,37.21,16.59,38.01,39,47.7,21.5,28.77,31.06,30.75,35.79,41.23,33.52,27.52,30.11,33.42,36.54,34.99,26.90,W,UD,15
Perth,Cam Rowston,-300,-210,65.48,45.05,75.88,65.7,73.0,87.2,53.91,63.41,57.89,58.96,61.33,59.10,54.81,58.10,64.35,63.76,62.59,55.27,W,UD,15
Perth,Robert Bryczek,250,180,34.52,54.95,24.12,34.3,27.0,12.8,46.09,36.59,42.11,41.04,38.67,40.90,45.19,41.90,35.65,36.24,37.41,44.74,L,UD,15
Perth,Jacob Malkoun,-600,-1000,87.57,77.27,79.22,88.7,72.9,97.8,81.34,72.88,88.42,81.63,72.11,79.28,82.06,81.50,81.80,79.65,80.18,82.42,W,UD,15
Perth,Gerald Meerschaert,450,675,12.43,22.73,20.78,11.3,27.1,2.2,18.66,27.12,11.58,18.37,27.89,20.72,17.94,18.50,18.20,20.35,19.82,17.58,L,UD,15
Perth,Junior Tafa,-400,-185,62.79,28.3,42.44,65.7,46.0,69.1,58.76,66.17,63.85,61.82,54.33,60.99,49.95,49.49,56.30,57.38,56.02,45.55,W,KO,R1
Perth,Kevin Christian,330,160,37.21,71.7,57.56,34.3,54.0,30.9,41.24,33.83,36.15,38.18,45.67,39.01,50.05,50.51,43.70,42.62,43.98,54.46,L,KO,R1
Perth,Colby Thicknesse,-110,-110,50,33.36,77.93,54.3,70.5,62.1,47.82,56.44,52.14,55.07,52.44,52.78,43.73,47.23,55.65,58.33,55.96,41.68,W,UD,15
Perth,Vince Morales,-100,-110,50,66.64,22.07,45.7,29.5,37.9,52.18,43.56,47.86,44.93,47.56,47.22,56.27,52.77,44.35,41.67,44.04,58.32,L,UD,15
Perth,Wes Schultz,210,143,39.9,41.05,42.12,39,65.7,22.2,40.66,40.17,40.22,46.16,48.78,43.20,40.54,42.10,42.36,45.35,44.43,40.48,W,SUB,R3
Perth,Ben Johnston,-250,-163,60.1,58.95,57.88,61,34.3,77.8,59.34,59.83,59.78,53.84,51.22,56.80,59.46,57.90,57.64,54.65,55.57,59.53,L,SUB,R3
Perth,Jonathan Micallef,-150,-340,74.6,62.54,66.15,69.6,59.3,90.4,65.87,54.77,65.12,36.55,68.45,58.15,67.67,65.96,64.85,60.73,62.08,68.57,W,SD,15
Perth,Themba Gorimbo,130,280,25.4,37.46,33.85,30.4,40.7,9.6,34.13,45.23,34.88,63.45,31.55,41.85,32.33,34.04,35.15,39.27,37.92,31.43,L,SD,15
Perth,Kody Steele,-185,-215,66.05,29.32,54.35,64.5,27.0,59.1,61.08,38.78,66.12,58.72,54.78,55.90,52.15,49.51,52.71,53.17,52.74,47.69,W,SUB,R1
Perth,Dom Mar Fan,160,185,33.95,70.68,45.65,35.5,73.0,40.9,38.92,61.22,33.88,41.28,45.22,44.10,47.85,50.49,47.29,46.83,47.26,52.32,L,SUB,R1
UFC 328,Khamzat Chimaev,-400,-580,82.1,73.43,71.89,81.2,73.0,93.3,78.63,78.44,78.42,81.63,79.63,79.35,78.05,77.80,79.24,77.86,77.98,77.77,L,SD,25
UFC 328,Sean Strickland,300,439,17.9,26.57,28.11,18.8,27.0,6.7,21.37,21.56,21.58,18.37,20.37,20.65,21.95,22.21,20.76,22.15,22.02,22.24,W,SD,25
UFC 328,Joshua Van,170,138,40.5,43.36,52.76,39.1,45.0,39.4,41.8,42.18,42.15,38.28,44.12,41.71,41.89,42.34,42.60,43.17,42.95,41.93,W,KO,R5
UFC 328,Tatsuro Taira,-200,-162,59.5,56.64,47.24,60.9,55.0,60.6,58.2,57.82,57.85,61.72,55.88,58.29,58.11,57.66,57.40,56.83,57.05,58.07,L,KO,R5
UFC 328,Alexander Volkov,-185,-156,58.7,62.6,39.40,60.9,53.0,59.8,57.9,61.27,61.34,58.84,62.74,60.42,59.73,59.41,57.86,56.92,57.44,60.65,W,UD,15
UFC 328,Waldo Cortes-Acosta,160,133,41.3,37.4,60.60,39.1,47.0,40.2,42.1,38.73,38.66,41.16,37.26,39.58,40.27,40.59,42.14,43.08,42.56,39.35,L,UD,15
UFC 328,Sean Brady,-300,-162,59.5,49.9,62.45,61.6,66.0,52,61.2,63.44,56.22,63.41,61.85,61.22,56.87,57.14,59.78,62.02,61.00,54.70,W,UD,15
UFC 328,Joaquin Buckley,250,138,40.5,50.1,37.55,38.4,34.0,48,38.8,36.56,43.78,36.59,38.15,38.78,43.13,42.86,40.22,37.98,39.00,45.30,L,UD,15
UFC 328,King Green,-200,-360,75.4,86.46,71.53,74.8,73.0,91.3,73.9,72.18,71.89,74.88,72.91,73.15,78.59,78.33,76.20,73.14,74.28,80.93,W,SUB,R1
UFC 328,Jeremy Stephens,170,291,24.6,13.54,28.47,25.2,27.0,8.7,26.1,27.82,28.11,25.12,27.09,26.85,21.41,21.67,23.80,26.86,25.72,19.07,L,SUB,R1
UFC 328,Ateba Gautier,-1000,-1003,87.6,59.5,74.85,89.3,73.0,99,85.4,84.12,84.55,90.84,88.21,86.62,77.50,76.96,83.31,83.78,82.65,73.55,W,KO,R2
UFC 328,Ozzy Diaz,650,674,12.4,40.5,25.15,10.7,27.0,1,14.6,15.88,15.45,9.16,11.79,13.38,22.50,23.04,16.69,16.22,17.35,26.45,L,KO,R2
UFC 328,Joel Alvarez,-400,158,37.3,53.35,34.24,37.8,53.0,38.4,39.1,39.44,41.12,33.72,32.56,37.19,43.25,43.17,40.00,38.87,39.69,45.33,L,SUB,R2
UFC 328,Yaroslav Amosov,330,-186,62.7,46.65,65.76,62.2,47.0,61.6,60.9,60.56,58.88,66.28,67.44,62.81,56.75,56.83,60.00,61.13,60.31,54.68,W,SUB,R2
UFC 328,Grant Dawson,-120,-163,59.7,66.28,80.42,60.9,70.0,51,62.4,64.18,54.20,57.91,64.18,60.57,62.79,63.42,62.83,64.27,63.96,62.99,W,SUB,R3
UFC 328,Mateusz Rebecki,100,139,40.3,33.72,19.58,39.1,30.0,49,37.6,35.82,45.80,42.09,35.82,39.43,37.21,36.58,37.17,35.73,36.04,37.01,L,SUB,R3
UFC 328,Jim Miller,210,258,26.9,39.42,33.9,26.6,37.0,3.1,28.7,28.12,32.15,26.53,25.65,28.23,31.67,32.05,28.01,29.83,30.02,33.16,W,SUB,R1
UFC 328,Jared Gordon,-250,-315,73.1,60.58,66.1,73.4,63.0,96.9,71.3,71.88,67.85,73.47,74.35,71.77,68.33,67.95,71.99,70.17,69.98,66.84,L,SUB,R1
UFC 328,Roman Kopylov,-225,155,37.8,56.82,24.03,36.9,40.0,49,36.5,40.22,44.30,35.08,34.10,38.04,43.71,43.67,39.52,36.39,37.87,47.31,W,UD,15
UFC 328,Marco Tulio,190,-183,62.2,43.18,75.97,63.1,60.0,51,63.5,59.78,55.70,64.92,65.90,61.96,56.29,56.33,60.48,63.61,62.13,52.69,L,UD,15
UFC 328,Pat Sabatini,-270,-202,64.4,73.86,62.28,64.5,54.0,86,66.8,67.88,62.45,68.17,68.22,66.70,68.35,67.52,67.14,64.29,65.13,69.13,W,UD,15
UFC 328,William Gomis,230,171,35.6,26.14,37.72,35.5,46.0,14,33.2,32.12,37.55,31.83,31.78,33.30,31.65,32.48,32.86,35.71,34.87,30.87,L,UD,15
UFC 328,Baisangur Susurkaev,-500,-678,83.9,76.7,67.81,84.7,73.0,96,81.7,81.44,80.12,84.41,86.45,82.82,80.77,80.18,81.48,79.95,80.17,80.30,W,SUB,R3
UFC 328,Djorden Santos,375,499,16.1,23.3,32.19,15.4,27.0,4,18.3,18.56,19.88,15.59,13.55,17.18,19.23,19.82,18.53,20.06,19.84,19.70,L,SUB,R3
UFC 328,Clayton Carpenter,160,147,39,45.01,38.02,38.4,56.0,16.3,40.2,41.88,42.50,40.17,39.89,40.93,41.40,42.05,39.76,42.13,41.87,42.01,L,UD,15
UFC 328,Jose Ochoa,-185,-173,61,54.99,61.98,61.6,44.0,83.7,59.8,58.12,57.50,59.83,60.11,59.07,58.60,57.95,60.24,57.87,58.13,58.00,W,UD,15
Vegas 117,Arnold Allen,-150,-155,58.82,46.78,32.81,56.3,55.0,48.3,48.72,56.31,58.12,58.74,58.32,56.04,51.44,52.88,52.57,53.04,52.85,52.80,W,UD,25
Vegas 117,Melquizael Costa,130,135,41.18,53.22,67.19,43.7,45.0,51.7,51.28,43.69,41.88,41.26,41.68,43.96,48.56,47.12,47.43,46.96,47.15,47.20,L,UD,25
Vegas 117,Doo Ho Choi,-110,145,39.6,45.16,46.11,40.7,39.0,31.4,44.81,45.99,42.15,37.17,44.21,42.87,43.19,42.43,41.48,42.52,42.48,42.38,W,KO,R2
Vegas 117,Daniel Santos,-110,-165,60.4,54.84,53.89,59.3,61.0,68.6,55.19,54.01,57.85,62.83,55.79,57.13,56.81,57.57,58.52,57.48,57.52,57.62,L,KO,R2
Vegas 117,Malcolm Wellmaker,-300,-220,66.21,19.26,71.75,70.5,67.0,66.7,28.41,70.62,74.82,71.62,71.54,63.40,37.96,50.42,61.68,65.78,61.84,42.74,L,SUB,R2
Vegas 117,Juan Diaz,250,185,33.79,80.74,28.25,29.5,33.0,33.3,71.59,29.38,25.18,28.38,28.46,36.60,62.04,49.58,38.32,34.22,38.16,57.27,W,SUB,R2
Vegas 117,Modestas Bukauskas,-300,-335,74.28,83.69,69.59,75,59.0,97.9,79.84,72.53,72.15,76.21,81.22,76.39,79.27,77.05,76.49,73.19,74.30,78.99,W,SD,15
Vegas 117,Christian Edwards,250,275,25.72,16.31,30.41,25,41.0,2.1,20.16,27.47,27.85,23.79,18.78,23.61,20.73,22.95,23.51,26.81,25.70,21.02,L,SD,15
Vegas 117,Timmy Cuamba,250,150,38.6,52.34,39.57,45.1,34.0,43,49.67,39.23,42.80,40.12,45.67,43.50,46.87,44.32,42.74,42.02,42.68,45.47,L,SUB,R2
Vegas 117,Benardo Sopaj,-300,-175,61.4,47.66,60.43,54.9,66.0,57,50.33,60.77,57.20,59.88,54.33,56.50,53.13,55.68,57.26,57.98,57.32,54.53,W,SUB,R2
Vegas 117,Nikolay Veretennikov,130,-105,48.92,37.58,36.92,48.3,54.0,48.8,41.23,37.09,46.60,32.09,48.99,41.20,42.58,43.22,43.68,43.15,43.15,43.25,L,KO,R1
Vegas 117,Khaos Williams,-150,-115,51.08,62.42,63.08,51.7,46.0,51.2,58.77,62.91,53.40,67.91,51.01,58.80,57.42,56.78,56.32,56.85,56.85,56.75,W,KO,R1
Vegas 117,Tuco Tokkos,250,145,39.33,40.22,41.54,39.1,33.0,52.5,37.85,55.73,40.60,36.86,36.22,41.45,39.13,39.89,41.18,40.11,40.10,39.78,L,UD,15
Vegas 117,Ivan Erslan,-300,-170,60.67,59.78,58.46,60.9,67.0,47.5,62.15,44.27,59.40,63.14,63.78,58.55,60.87,60.11,58.82,59.89,59.90,60.23,W,UD,15
Vegas 117,Tommy Gantt,-400,-263,70.06,61.02,75.46,64.5,68.0,94.3,61.74,55.50,66.82,57.11,68.41,61.92,64.27,65.26,67.54,64.69,64.94,65.54,W,KO,R2
Vegas 117,Artur Minev,330,223,29.94,38.98,24.54,35.5,32.0,5.7,38.26,44.50,33.18,42.89,31.59,38.08,35.73,34.74,32.46,35.31,35.06,34.46,L,KO,R2
Vegas 117,Ketlen Vieira,120,145,39.33,66.45,37.25,40.7,32.0,23.7,62.18,60.84,42.10,38.72,44.12,49.59,55.99,50.17,44.31,44.74,46.09,52.89,W,UD,15
Vegas 117,Jacqueline Cavalcanti,-140,-170,60.67,33.55,62.75,59.3,68.0,76.3,37.82,39.16,57.90,61.28,55.88,50.41,44.01,49.83,55.69,55.26,53.91,47.11,L,UD,15
Vegas 117,Andre Petroski,-185,-200,64.29,68.08,60.68,65.7,68.0,51.3,64.91,61.55,64.20,73.45,72.89,67.40,65.76,66.26,65.00,66.42,66.24,66.19,L,KO,R2
Vegas 117,Cody Brundage,160,170,35.71,31.92,39.32,34.3,32.0,48.7,35.09,38.45,35.80,26.55,27.11,32.60,34.24,33.74,35.00,33.58,33.76,33.82,W,KO,R2
Vegas 117,Alice Ardelean,-250,-210,65.48,68.53,40.14,64.5,64.0,83.3,66.42,71.07,62.10,41.66,66.71,61.59,66.81,64.53,63.08,59.58,60.88,67.01,W,SUB,R2
Vegas 117,Polyana Viana,210,180,34.52,31.47,59.86,35.5,36.0,16.7,33.58,28.93,37.90,58.34,33.29,38.41,33.19,35.47,36.92,40.43,39.12,33.00,L,SUB,R2
Vegas 117,Daniel Barez,-110,-107,49.35,60.52,22.71,43.7,40.0,70.4,55.76,50.12,45.90,55.92,47.22,50.98,55.21,51.68,49.24,45.17,46.89,54.94,L,UD,15
Vegas 117,Luis Gurule,-110,-113,50.65,39.48,77.29,56.3,60.0,29.6,44.24,49.88,54.10,44.08,52.78,49.02,44.79,48.32,50.76,54.83,53.11,45.07,W,UD,15
Vegas 117,Shauna Bannon,190,210,31.11,48.45,33.88,30.9,39.0,20,36.14,35.17,31.50,30.59,32.88,33.26,38.57,37.77,33.60,33.76,34.48,39.78,L,SUB,R3
Vegas 117,Nicolle Caliari,-225,-250,68.89,51.55,66.12,69.1,61.0,80,63.86,64.83,68.50,69.41,67.12,66.74,61.43,62.23,66.40,66.24,65.52,60.22,W,SUB,R3
Macau,Yadong Song,-300,-600,82.23,55.91,72.12,77.2,73.0,100.0,78.4,79.63,81.45,80.63,68.41,77.70,72.18,71.50,77.18,76.36,75.67,69.07,W,SUB,R2
Macau,Deiveson Figueiredo,250,440,17.77,44.09,27.88,22.8,27.0,0.0,21.6,20.37,18.55,19.37,31.59,22.30,27.82,28.50,22.82,23.65,24.33,30.93,L,SUB,R2
Macau,Mingyang Zhang,-300,-258,69.08,53.62,59.85,65.7,73.0,90.6,64.7,66.14,67.82,72.84,73.22,68.94,62.47,63.54,68.78,67.91,67.16,61.35,L,KO,R1
Macau,Alonzo Menifield,250,210,30.92,46.38,40.15,34.3,27.0,9.4,35.3,33.86,32.18,27.16,26.78,31.06,37.53,36.46,31.22,32.09,32.84,38.65,W,KO,R1
Macau,Sergei Pavlovich,-250,-625,82.71,94.02,68.42,76.6,57.4,95.2,79.2,74.88,83.15,66.72,80.15,76.82,85.31,83.35,78.04,73.32,75.54,88.37,W,KO,R1
Macau,Tallison Teixeira,210,455,17.29,5.98,31.58,23.4,42.6,4.8,20.8,25.12,16.85,33.28,19.85,23.18,14.69,16.65,21.96,26.69,24.46,11.64,L,KO,R1
Macau,Kai Asakura,-300,-285,70.95,87.78,75.37,72.2,52.8,92.7,67.9,57.43,69.44,43.87,76.54,63.04,75.54,74.39,69.73,64.44,66.64,79.37,W,KO,R1
Macau,Cameron Smotherman,250,230,29.05,12.22,24.63,27.8,47.2,7.3,32.1,42.57,30.56,56.13,23.46,36.96,24.46,25.61,30.27,35.56,33.36,20.64,L,KO,R1
Macau,Jake Matthews,-225,-410,77.15,63.5,77.97,73.4,79.0,95.1,71.5,64.82,78.6,76.31,71.88,72.62,70.72,71.61,75.38,74.19,73.78,70.33,W,UD,15
Macau,Carlston Harris,190,320,22.85,36.5,22.03,26.6,21.0,4.9,28.5,35.18,21.4,23.69,28.12,27.38,29.28,28.39,24.62,25.82,26.22,29.68,L,UD,15
Macau,Alex Perez,-110,-130,54.27,69.82,22.65,52.2,46.8,66.3,53.8,53.94,56.12,55.87,52.17,54.38,59.30,57.76,53.09,49.19,51.07,62.05,NC,NC,15
Macau,Sumudaerji,-110,110,45.73,30.18,77.35,47.8,53.2,33.7,46.2,46.06,43.88,44.13,47.83,45.62,40.70,42.24,46.91,50.81,48.93,37.96,NC,NC,15
Macau,Luis Felipe Dias,-200,-180,61.64,67.25,54.38,59.3,54.9,84.6,41.3,55.69,59.42,58.22,66.23,56.17,56.73,61.69,60.27,56.18,57.03,64.45,W,KO,R1
Macau,Yi Sak Lee,170,150,38.36,32.75,45.62,40.7,45.1,15.4,58.7,44.31,40.58,47.34,33.77,44.94,43.27,38.54,40.24,44.52,43.56,35.56,L,KO,R1
Macau,Meng Ding,-250,-125,53.25,79.12,41.03,50.6,50.4,84.8,54.9,40.86,54.63,47.34,54.1,50.37,62.42,60.53,55.55,49.23,51.80,66.19,L,SD,15
Macau,Jose Henrique,210,105,46.75,20.88,58.97,49.4,49.6,15.2,45.1,59.14,45.37,52.66,45.9,49.63,37.58,39.47,44.45,50.77,48.20,33.82,W,SD,15
Macau,Aoriqileng,250,285,24.92,48.49,15.22,25.2,35.0,7.6,29.8,27.42,22.76,22.48,31.23,26.74,34.40,33.18,26.37,26.14,27.43,36.71,L,KO,R2
Macau,Cody Haddon,-300,-360,75.08,51.51,84.78,74.8,65.0,92.4,70.2,72.58,77.24,77.52,68.77,73.26,65.60,66.82,73.63,73.86,72.57,63.30,W,KO,R2
Macau,Rei Tsuruya,-400,-305,72.21,66.57,67.63,60.1,73.0,82.2,73.6,63.47,74.52,74.85,71.25,71.54,70.79,69.53,70.85,69.80,69.95,69.39,W,SUB,R1
Macau,Luis Gurule,170,245,27.79,33.43,32.37,39.9,27.0,17.8,26.4,36.53,25.48,25.15,28.75,28.46,29.21,30.47,29.15,30.20,30.05,30.61,L,SUB,R1
Macau,Angela Hill,210,164,36.31,14.26,43.3,39.6,40.9,17.7,38.7,38.74,38.15,39.46,35.89,38.19,29.76,29.97,34.82,39.34,37.39,25.29,W,UD,15
Macau,Jingnan Xiong,-250,-198,63.69,85.74,56.7,60.4,59.1,82.3,61.3,61.26,61.85,60.54,64.11,61.81,70.24,70.03,65.18,60.66,62.61,74.72,L,UD,15
Macau,Kangjie Zhu,210,100,47.83,47,49.52,48.3,45.4,40.3,47.2,42.28,46.82,45.29,49.12,46.14,47.34,47.19,46.28,46.74,46.79,47.42,W,KO,R1
Macau,Rodrigo Vera,-250,-120,52.17,53,50.48,51.7,54.6,59.7,52.8,57.72,53.18,54.71,50.88,53.86,52.66,52.81,53.72,53.26,53.21,52.59,L,KO,R1
Macau,Loma Lookboonmee,210,114,44.86,43.96,53.14,46.8,53.8,52.5,43.9,44.82,43.6,43.18,40.56,43.21,44.24,45.02,46.47,46.23,45.98,44.41,L,SUB,R1
Macau,Jaqueline Amorim,-250,-135,55.14,56.04,29.37,53.2,46.2,47.5,56.1,55.18,56.4,56.82,59.44,56.79,55.76,54.26,51.94,51.59,52.19,55.59,W,SUB,R1
Vegas 118,Belal Muhammad,130,-125,53.25,61.61,13.3,52.6,49.0,72.9,46.8,56.31,51.14,54.72,58.34,53.46,53.89,54.21,51.82,47.78,49.16,57.43,L,UD,25
Vegas 118,Gabriel Bonfim,-150,105,46.75,38.39,86.7,47.4,51.0,27.1,53.2,43.69,48.86,45.28,41.66,46.54,46.11,45.79,48.18,52.22,50.84,42.57,W,UD,25
Vegas 118,Brendan Allen,-350,-210,65.48,83.89,54.17,65.7,65.4,91.6,67.9,71.42,68.12,69.43,67.21,68.82,72.42,71.85,70.03,66.17,67.48,74.69,W,UD,15
Vegas 118,Edmen Shahbazyan,285,180,34.52,16.11,45.83,34.3,34.6,8.4,32.1,28.58,31.88,30.57,32.79,31.18,27.58,28.15,29.97,33.83,32.52,25.32,L,UD,15
Vegas 118,Fares Ziam,-185,-310,73.13,80.5,75.78,72.6,64.3,89.7,73.6,74.83,74.33,73.88,74.88,74.30,75.74,75.55,75.23,73.03,73.65,76.82,L,UD,15
Vegas 118,Tom Nolan,160,260,26.87,19.5,24.22,27.4,35.7,10.3,26.4,25.17,25.67,26.12,25.12,25.70,24.26,24.45,24.77,26.98,26.35,23.19,W,UD,15
Vegas 118,Bryce Mitchell,-250,-140,56.2,82.4,54.33,56.3,43.2,56.7,58.7,56.88,59.84,57.04,62.15,58.92,65.77,64.89,58.52,56.06,57.81,69.30,W,SUB,R3
Vegas 118,Santiago Luna,210,120,43.8,17.6,45.67,43.7,56.8,43.3,41.3,43.12,40.16,42.96,37.85,41.08,34.23,35.12,41.48,43.95,42.19,30.70,L,SUB,R3
Vegas 118,Iwo Baraniewski,220,-350,74.97,81.12,67.02,76,73.0,93.8,74.2,78.22,79.62,78.71,81.33,78.42,76.76,77.37,78.00,76.01,76.35,78.05,W,KO,R1
Vegas 118,Junior Tafa,-260,285,25.03,18.88,32.98,24,27.0,6.2,25.8,21.78,20.38,21.29,18.67,21.58,23.24,22.63,22.00,23.99,23.65,21.96,L,KO,R1
Vegas 118,Matt Schnell,400,475,16.71,31.79,20.92,16.3,18.6,3.3,18.6,17.44,22.14,20.88,13.73,18.56,22.37,22.36,18.22,18.58,19.18,24.25,L,KO,R1
Vegas 118,Alessandro Costa,-550,-650,83.29,68.21,79.08,83.7,81.4,96.7,81.4,82.56,77.86,79.12,86.27,81.44,77.63,77.64,81.78,81.42,80.82,75.75,W,KO,R1
Vegas 118,Marcus McGhee,-450,-450,78.64,79.97,70.13,80,52.1,98.9,78.9,80.14,82.44,82.06,83.95,81.50,79.17,78.28,78.84,76.22,76.85,79.31,W,UD,15
Vegas 118,John Yannis,350,350,21.36,20.03,29.87,20,47.9,1.1,21.1,19.86,17.56,17.94,16.05,18.50,20.83,21.73,21.16,23.79,23.15,20.70,L,UD,15
Vegas 118,Bruno Silva,-110,-135,55.26,67.76,58.71,51.7,50.7,57.1,55.6,56.44,44.12,53.16,59.22,53.71,59.54,58.91,55.43,53.71,54.77,61.51,L,SUB,R1
Vegas 118,Edgar Chairez,-110,115,44.74,32.24,41.29,48.3,49.3,42.9,44.4,43.56,55.88,46.84,40.78,46.29,40.46,41.09,44.57,46.29,45.23,38.49,W,SUB,R1
Vegas 118,Chelsea Chandler,-175,-125,53.25,53.51,39.91,52.6,50.3,36,54.8,52.24,61.86,55.81,61.08,57.16,53.85,53.45,51.94,53.58,53.45,53.38,W,SUB,R1
Vegas 118,Priscila Cachoeira,150,105,46.75,46.49,60.09,47.4,49.7,64,45.2,47.76,38.14,44.19,38.92,42.84,46.15,46.56,48.06,46.43,46.55,46.62,L,SUB,R1
Vegas 118,Jordan Leavitt,230,150,38.6,42.08,34.84,35.5,45.5,38,34.3,36.82,45.42,36.84,31.56,36.99,38.33,39.43,38.13,37.60,37.86,40.34,L,SUB,R1
Vegas 118,Joanderson Brito,-270,-175,61.4,57.92,65.16,64.5,54.5,62,65.7,63.18,54.58,63.16,68.44,63.01,61.67,60.57,61.87,62.40,62.14,59.66,W,SUB,R1
Vegas 118,Jeisla Chaves,-900,-400,76.19,47.62,49.37,76.6,68.3,84.41,73.1,76.88,64.18,77.24,79.44,74.17,65.64,64.82,70.30,70.64,69.71,61.91,W,SD,15
Vegas 118,Yuneisy Duben,600,300,23.81,52.38,50.63,23.4,31.7,16.59,26.9,23.12,35.82,22.76,20.56,25.83,34.36,35.18,29.79,29.36,30.30,38.10,L,SD,15
Vegas 118,Ketlen Souza,-300,-300,72.41,83.5,56.94,72.2,73.0,96.7,69.4,72.44,76.82,71.56,74.11,72.87,75.10,75.57,74.46,70.81,71.87,77.96,W,KO,R1
Vegas 118,Ariane Carnelossi,250,250,27.59,16.5,43.06,27.8,27.0,3.3,30.6,27.56,23.18,28.44,25.89,27.13,24.90,24.43,25.54,29.19,28.13,22.05,L,KO,R1
Freedom 250,Ilia Topuria,-600,-550,81.48,79.35,79.9,80.8,73.0,93.3,78.45,82.14,79.63,78.63,71.23,78.02,79.76,79.60,79.81,77.97,78.41,80.42,L,KO,R4
Freedom 250,Justin Gaethje,425,420,18.52,20.65,20.1,19.2,27.0,6.7,21.55,17.86,20.37,21.37,28.77,21.98,20.24,20.40,20.19,22.03,21.59,19.59,W,KO,R4
Freedom 250,Alex Pereira,170,-110,50,70.21,22.4,57.1,60.8,70.5,46.8,41.87,46.12,54.28,52.11,48.24,55.67,55.97,52.02,47.69,49.40,60.11,L,KO,R2
Freedom 250,Ciryl Gane,-200,-110,50,29.79,77.6,42.9,39.2,29.5,53.2,58.13,53.88,45.72,47.89,51.76,44.33,44.04,47.98,52.32,50.60,39.90,W,KO,R2
Freedom 250,Sean O’Malley,-250,-450,78.64,73.9,76.39,78.2,73.0,93.1,76.9,79.63,75.22,81.94,79.63,78.66,76.48,76.72,78.78,77.61,77.54,76.27,W,KO,R2
Freedom 250,Aiemann Zahabi,210,350,21.36,26.1,23.61,21.8,27.0,6.9,23.1,20.37,24.78,18.06,20.37,21.34,23.52,23.28,21.22,22.39,22.46,23.73,L,KO,R2
Freedom 250,Derrick Lewis,330,280,24.75,59.23,35.29,22.8,27.0,5.8,25.8,22.52,17.56,26.82,34.12,25.36,36.59,36.82,27.43,26.49,28.27,41.99,L,KO,R2
Freedom 250,Josh Hokit,-400,-400,75.25,40.77,64.71,77.2,73.0,94.2,74.2,77.48,82.44,73.18,65.88,74.64,63.41,63.18,72.57,73.51,71.73,58.01,W,KO,R2
Freedom 250,Mauricio Ruffy,-500,-775,85.2,57.46,76.66,84,73.0,94.2,81.3,76.82,85.12,85.47,68.15,79.37,74.65,73.83,78.85,78.82,78.06,71.33,W,KO,R1
Freedom 250,Michael Chandler,375,550,14.8,42.54,23.34,16,27.0,5.8,18.7,23.18,14.88,14.53,31.85,20.63,25.35,26.18,21.15,21.19,21.94,28.67,L,KO,R1
Freedom 250,Bo Nickal,-300,-360,75.56,36.8,44.93,74.8,73.0,81.6,79.8,73.84,78.91,76.42,76.42,77.08,64.05,61.54,70.19,72.27,70.51,56.18,W,KO,R1
Freedom 250,Kyle Daukaus,250,295,24.44,63.2,55.07,25.2,27.0,18.4,20.2,26.16,21.09,23.58,23.58,22.92,35.95,38.46,29.81,27.74,29.49,43.82,L,KO,R1
Freedom 250,Diego Lopes,-300,-155,58.82,57.27,62.23,59.3,55.1,60.8,57.9,53.27,61.24,60.84,62.37,59.12,58.00,58.37,59.01,59.03,58.89,58.05,W,KO,R2
Freedom 250,Steve Garcia,250,135,41.18,42.73,37.77,40.7,44.9,39.2,42.1,46.73,38.76,39.16,37.63,40.88,42.00,41.63,40.99,40.97,41.11,41.96,L,KO,R2
Vegas 119,Manel Kape,-275,-160,59.63,33.7,33.42,59.3,68.6,52.7,52.4,44.37,49.38,57.84,44.29,49.66,48.58,48.18,50.51,51.20,50.67,46.67,W,KO,R3
Vegas 119,Kyoji Horiguchi,175,140,40.37,66.3,66.58,40.7,31.4,47.3,47.6,55.63,50.62,42.16,55.71,50.34,51.42,51.82,49.49,48.80,49.33,53.34,L,KO,R3
Vegas 119,Ion Cutelaba,275,255,26.85,52.23,34.53,27.4,23.3,1.9,39.38,34.18,23.55,30.27,24.03,30.28,39.49,36.22,28.87,29.58,30.90,39.54,L,KO,R2
Vegas 119,Navajo Stirling,-350,-330,73.15,47.77,65.47,72.6,76.7,98.1,60.62,65.82,76.45,69.73,75.97,69.72,60.51,63.78,71.13,70.42,69.10,60.46,W,KO,R2
Vegas 119,Christian Rodriguez,-170,-175,61.4,58.6,78.82,62.2,73.9,77.8,62.77,61.76,59.20,62.84,57.82,60.88,60.92,61.64,65.19,64.91,64.33,60.00,W,SUB,R1
Vegas 119,Hyder Amil,145,150,38.6,41.4,21.18,37.8,26.1,22.2,37.23,38.24,40.80,37.16,42.18,39.12,39.08,38.36,34.81,35.09,35.67,40.00,L,SUB,R1
Vegas 119,Melsik Baghdasaryan,385,255,27.22,21.36,34.2,27.4,26.6,1.9,7.39,72.88,28.85,26.76,36.41,34.46,18.66,27.05,28.27,32.56,30.59,24.29,L,SUB,R1
Vegas 119,Murtazali Magomedov,-500,-305,72.78,78.64,65.8,72.6,73.4,98.1,92.61,27.12,71.15,73.24,63.59,65.54,81.34,72.95,71.73,67.44,69.41,75.71,W,SUB,R1
Vegas 119,Vinicius Oliveira,-350,-265,70.23,82.27,87.06,68.1,73.0,74.1,82.59,71.33,68.12,74.61,61.38,71.61,78.36,75.26,73.89,73.27,73.91,76.25,W,KO,R2
Vegas 119,Andre Fili,285,225,29.77,17.73,12.94,31.9,27.0,25.9,17.41,28.67,31.88,25.39,38.62,28.39,21.64,24.74,26.11,26.73,26.09,23.75,L,KO,R2
Vegas 119,Andre Lima,-600,-650,83.29,77.48,79.39,83.2,73.0,98.1,82.86,82.14,89.44,81.92,74.27,82.13,81.21,80.52,82.28,80.78,80.92,80.39,W,UD,15
Vegas 119,Kevin Borjas,450,475,16.71,22.52,20.61,16.8,27.0,1.9,17.14,17.86,10.56,18.08,25.73,17.87,18.79,19.48,17.72,19.22,19.08,19.62,L,UD,15
Vegas 119,Bia Mesquita,-600,-550,81.48,60.13,73.43,82.2,73.0,96.2,75.39,84.47,86.50,84.27,76.89,81.50,72.33,73.71,79.45,79.52,78.43,70.81,W,SUB,R1
Vegas 119,Melissa Mullins,450,420,18.52,39.87,26.57,17.8,24.0,3.8,24.61,15.53,13.50,15.73,23.11,18.50,27.67,26.17,20.28,20.11,21.26,29.20,L,SUB,R1
Vegas 119,Mitch Raposo,210,165,36.55,13.43,44.08,35.5,38.1,26.9,27.07,38.56,41.25,34.16,40.06,36.22,25.68,29.11,34.15,37.35,35.42,24.99,W,SD,15
Vegas 119,Allan Nascimento,-250,-190,63.45,86.57,55.92,64.5,61.9,73.1,72.93,61.44,58.75,65.84,59.94,63.78,74.32,70.89,65.85,62.65,64.58,75.01,L,SD,15
Vegas 119,Michael Aswell Jr.,-250,-450,78.64,75.33,64.83,76,77.4,96.1,68.55,75.81,66.40,76.38,73.90,72.21,74.17,75.46,75.39,72.41,73.06,76.99,L,UD,15
Vegas 119,Gaston Bolanos,210,350,21.36,24.67,35.17,24,22.6,3.9,31.45,24.19,33.60,23.62,26.10,27.79,25.83,24.54,24.61,27.59,26.94,23.02,W,UD,15
Vegas 119,Leon Shahbazyan,250,260,26.87,21.51,20.76,50,39.0,9.8,38.85,26.44,30.20,27.82,26.63,29.99,29.08,26.95,28.90,32.46,31.42,24.19,L,KO,R3
Vegas 119,Levan Chokheli,-300,-310,73.13,78.49,79.24,50,61.0,90.2,61.15,73.56,69.80,72.18,73.37,70.01,70.92,73.05,71.10,67.54,68.58,75.81,W,KO,R3
Vegas 119,Karol Rosa,-120,-120,52.17,47.35,33.49,51.1,44.7,34,51.92,52.17,47.86,55.92,55.17,52.61,50.48,49.52,47.80,49.04,49.10,49.76,L,UD,15
Vegas 119,Luana Santos,110,100,47.83,52.65,66.51,48.9,55.3,66,48.08,47.83,52.14,44.08,44.83,47.39,49.52,50.48,52.20,50.96,50.90,50.24,W,UD,15
Vegas 119,Shane Collins,-150,-180,62.11,27.61,26.38,50,56.9,76.6,49.26,63.14,54.45,64.89,39.83,54.31,46.33,46.78,51.92,50.61,50.04,44.86,W,UD,15
Vegas 119,Otari Tanzilovi,130,155,37.89,72.39,73.62,50,43.1,23.4,50.74,36.86,45.55,35.11,60.17,45.69,53.67,53.22,48.08,49.39,49.96,55.14,L,UD,15
Baku,Rafael Fiziev,135,-115,51.08,39.98,24.82,51.7,36.3,46.3,47.82,52.34,48.72,50.84,44.88,48.92,46.29,45.25,44.98,44.68,44.88,45.53,W,KO,R2
Baku,Manuel Torres,-155,-105,48.92,60.02,75.18,48.3,63.7,53.8,52.18,47.66,51.28,49.16,55.12,51.08,53.71,54.75,55.03,55.32,55.12,54.47,L,KO,R2
Baku,Michel Pereira,250,290,24.68,17.26,40.07,25.6,39.4,2.6,31.55,33.59,26.85,26.91,30.33,29.85,24.50,24.58,27.17,31.79,30.19,20.97,L,UD,15
Baku,Shara Magomedov,-300,-360,75.32,82.74,59.93,74.4,60.6,97.4,68.45,66.41,73.15,73.09,69.67,70.15,75.50,75.42,72.83,68.21,69.81,79.03,W,UD,15
Baku,Nazim Sadykhov,-160,-240,68.28,73.95,56.59,68.1,41.9,92.2,64.85,59.82,64.92,68.42,62.11,64.02,69.03,67.69,65.56,60.84,62.49,71.12,L,KO,R1
Baku,Matheus Camilo,140,205,31.72,26.05,43.41,31.9,58.1,7.8,35.15,40.18,35.08,31.58,37.89,35.98,30.97,32.31,34.44,39.16,37.51,28.89,W,KO,R1
Baku,Asu Almabayev,-400,-250,68.89,76.8,82.49,67.5,66.9,74.7,66.20,67.43,71.85,70.21,65.43,68.22,70.63,71.81,70.76,69.75,70.08,72.85,W,SUB,R3
Baku,Charles Johnson,330,210,31.11,23.2,17.51,32.5,33.1,25.3,33.80,32.57,28.15,29.79,34.57,31.78,29.37,28.19,29.24,30.25,29.92,27.16,L,SUB,R3
Baku,Brunno Ferreira,250,240,28.53,26.73,33.12,28.6,32.3,10.3,34.10,28.12,24.60,54.38,28.82,34.00,29.79,29.42,29.96,33.01,32.18,27.63,L,UD,15
Baku,Ikram Aliskerov,-300,-280,71.47,73.27,66.88,71.4,67.7,89.7,65.90,71.88,75.40,45.62,71.18,66.00,70.21,70.58,70.04,67.00,67.82,72.37,W,UD,15
Baku,Abus Magomedov,-190,-130,54.27,61.78,66.34,55.1,30.7,51,61.75,54.12,54.12,51.73,53.12,54.97,59.27,56.47,54.00,53.37,54.17,58.03,W,SUB,R1
Baku,Michal Oleksiejczuk,165,110,45.73,38.22,33.66,44.9,69.3,49,38.25,45.88,45.88,48.27,46.88,45.03,40.73,43.53,46.00,46.63,45.83,41.98,L,SUB,R1
Baku,Farman Hasanov,-110,-175,61.4,54.73,43.37,61.6,56.0,62.5,58.40,61.88,58.30,59.68,60.52,59.76,58.18,57.87,58.03,57.47,57.61,58.07,W,UD,15
Baku,Eric Nolan,-110,150,38.6,45.27,56.63,38.4,44.0,37.5,41.60,38.12,41.70,40.32,39.48,40.24,41.82,42.13,41.97,42.53,42.39,41.94,L,UD,15
Baku,Abdul Rakhman Yakhyaev,-500,-550,81.48,76.61,76.17,81.2,73.0,97.5,74.85,80.44,85.12,81.24,83.11,80.95,77.65,79.16,80.97,79.39,79.36,79.05,W,KO,R1
Baku,Julius Walker,385,420,18.52,23.39,23.83,18.8,27.0,2.5,25.15,19.56,14.88,18.76,16.89,19.05,22.35,20.84,19.03,20.61,20.64,20.96,L,KO,R1
Baku,Nursulton Ruziboev,-250,-210,65.48,89.9,26.56,65.7,33.9,78.8,71.60,64.22,68.10,66.35,58.92,65.84,75.66,70.77,62.68,56.92,60.11,77.69,W,SUB,R1
Baku,Andrey Pulyaev,210,180,34.52,10.1,73.44,34.3,66.1,21.2,28.40,35.78,31.90,33.65,41.08,34.16,24.34,29.23,37.32,43.08,39.89,22.31,L,SUB,R1
Baku,Kaan Ofli,130,140,40.37,32.26,33.34,40,42.4,19,44.90,44.88,42.60,44.29,39.33,43.20,39.18,38.03,38.49,41.47,40.74,36.32,W,SUB,R1
Baku,Javier Reyes,-150,-160,59.63,67.74,66.66,60,57.6,81,55.10,55.12,57.40,55.71,60.67,56.80,60.82,61.97,61.51,58.53,59.26,63.69,L,SUB,R1
Baku,Daniil Donchenko,-200,-525,81.07,91.6,78.44,80.4,71.6,100,72.85,74.44,82.40,82.71,80.82,78.64,81.84,83.54,81.48,77.96,79.04,86.34,W,KO,R2
Baku,Theodor Berggren,175,410,18.93,8.4,21.56,19.6,28.4,0,27.15,25.56,17.60,17.29,19.18,21.36,18.16,16.46,18.52,22.04,20.96,13.67,L,KO,R2
Baku,Bekzat Almakhan,170,132,41.68,27.77,16.71,40.7,34.4,35.4,46.75,46.88,38.90,39.84,41.32,42.74,38.73,35.88,37.30,38.19,37.97,34.73,W,UD,15
Baku,Jean Matsumoto,-200,-152,58.32,72.23,83.29,59.3,65.6,64.6,53.25,53.12,61.10,60.16,58.68,57.26,61.27,64.12,62.70,61.81,62.03,65.28,L,UD,15
Baku,Tahir Abdullayev,170,-120,52.17,43.08,30.03,49,50.4,29,48.60,50.44,46.15,52.36,47.83,49.08,47.95,47.37,45.37,46.85,46.86,47.63,W,KO,R3
Baku,Jefferson Nascimento,-200,100,47.83,56.92,69.97,51,49.6,71,51.40,49.56,53.85,47.64,52.17,50.92,52.05,52.63,54.63,53.15,53.14,52.38,L,KO,R3
UFC 329,Conor McGregor,420,190,33.4,20.52,42.97,33.6,20.0,21.3,28.16,22.51,31.42,34.87,32.42,29.88,27.36,28.22,29.20,30.74,30.12,26.96,L,KO,R1
UFC 329,Max Holloway,-550,-220,66.6,79.48,57.03,66.4,80.0,78.7,71.84,77.49,68.58,65.13,67.58,70.12,72.64,71.78,70.80,69.26,69.88,73.04,W,KO,R1
UFC 329,Benoit Saint Denis,-200,-150,57.98,57.94,37.68,56.3,65.0,39.6,59.87,86.39,59.18,60.74,58.61,64.96,58.60,58.80,58.12,60.47,59.98,57.96,L,SUB,R1
UFC 329,Paddy Pimblett,170,130,42.02,42.06,62.32,43.7,35.0,60.4,40.13,13.61,40.82,39.26,41.39,35.04,41.40,41.20,41.88,39.53,40.02,42.04,W,SUB,R1
UFC 329,Cory Sandhagen,-200,-145,57.11,50.94,61.31,51,36.0,56.2,61.24,52.77,56.45,61.82,58.11,58.08,56.43,54.30,54.81,54.84,54.92,54.03,L,UD,15
UFC 329,Mario Bautista,170,125,42.89,49.06,38.69,49,64.0,43.8,38.76,47.23,43.55,38.18,41.89,41.92,43.57,45.70,45.19,45.16,45.08,45.98,W,UD,15
UFC 329,Brandon Royval,170,185,33.79,56.45,25.37,34.3,42.0,12.4,35.22,35.31,38.22,40.62,34.53,36.78,41.82,41.98,35.29,35.70,36.70,45.12,W,SUB,R3
UFC 329,Lone'er Kavanagh,-200,-220,66.21,43.55,74.63,65.7,58.0,87.6,64.78,64.69,61.78,59.38,65.47,63.22,58.18,58.02,64.71,64.30,63.30,54.88,L,SUB,R3
UFC 329,King Green,175,135,41.18,65.4,35.09,49,20.0,38.7,42.09,35.16,45.62,41.08,52.17,43.22,49.56,48.87,42.32,40.03,41.75,53.29,W,KO,R1
UFC 329,Terrance McKinney,-205,-155,58.82,34.6,64.91,51,80.0,61.3,57.91,64.84,54.38,58.92,47.83,56.78,50.44,51.13,57.68,59.97,58.25,46.71,L,KO,R1
UFC 329,Robert Whittaker,-104,-210,65.48,77.2,71.23,65.3,42.0,80.6,66.82,73.61,66.12,64.31,63.41,66.85,69.83,68.93,66.92,64.10,65.21,71.34,W,KO,R3
UFC 329,Nikita Krylov,-116,180,34.52,22.8,28.77,34.7,58.0,19.4,33.18,26.39,33.88,35.69,36.59,33.15,30.17,31.07,33.08,35.90,34.79,28.66,L,KO,R3
UFC 329,Gable Steveson,-1800,-2100,91.97,64.06,60.91,82.5,73.0,100,89.47,79.75,92.41,91.74,90.58,88.79,81.83,79.53,83.31,82.55,82.30,78.02,W,UD,15
UFC 329,Elisha Ellison,900,1100,8.03,35.94,39.09,17.5,27.0,0,10.53,20.25,7.59,8.26,9.42,11.21,18.17,20.48,16.69,17.46,17.70,21.99,L,UD,15
UFC 329,Cody Garbrandt,210,310,23.28,53.05,35.45,22.3,44.0,8.7,25.14,34.11,21.84,27.43,22.94,26.29,33.82,35.16,28.93,29.15,30.02,38.17,W,KO,R1
UFC 329,Adrian Yanez,-250,-410,76.72,46.95,64.55,77.7,56.0,91.3,74.86,65.89,78.16,72.57,77.06,73.71,66.18,64.84,71.07,70.85,69.98,61.84,L,KO,R1
UFC 329,Kai Kamaka III,330,270,26.18,53.61,27.07,30.4,28.0,2.9,27.44,47.22,29.54,30.84,27.42,32.49,35.74,36.93,30.06,30.99,31.80,39.90,L,KO,R1
UFC 329,Luke Riley,-400,-320,73.82,46.39,72.93,69.6,62.0,97.1,72.56,52.78,70.46,69.16,72.58,67.51,64.26,62.66,69.03,67.76,67.15,60.11,W,KO,R1
UFC 329,Tracy Cortez,-170,105,46.75,59.56,37.19,51.2,38.0,43,45.13,40.11,43.12,52.84,47.83,45.81,50.48,50.25,45.88,44.43,45.54,53.16,L,UD,15
UFC 329,Cong Wang,145,-125,53.25,40.44,62.81,48.8,54.0,57,54.87,59.89,56.88,47.16,52.17,54.19,49.52,49.42,53.39,54.57,53.62,46.85,W,UD,15
UFC 329,Damian Pinas,-265,-190,63.45,46.09,68.68,67.5,73.0,84.3,63.78,94.24,68.24,66.42,64.89,71.51,57.77,60.13,69.14,70.84,68.72,54.77,W,KO,R1
UFC 329,Cesar Almeida,225,165,36.55,53.91,31.32,32.5,27.0,15.7,36.22,5.76,31.76,33.58,35.11,28.49,42.23,39.87,30.86,29.16,31.28,45.23,L,KO,R1
UFC 329,Farid Basharat,-600,-600,82.23,95.47,87.32,82.7,58.0,98.6,81.64,88.61,84.62,83.84,82.23,84.19,86.45,86.27,84.11,81.12,82.24,88.85,W,UD,15
UFC 329,John Garza,440,440,17.77,4.53,12.68,17.3,42.0,1.4,18.36,11.39,15.38,16.16,17.77,15.81,13.55,13.73,15.89,18.88,17.76,11.15,L,UD,15
UFC 329,Ryan Gandra,190,-200,64.29,53.67,47.28,54.3,44.0,80.2,61.45,78.33,61.15,61.93,63.01,65.17,59.80,58.96,60.87,58.93,59.17,58.98,W,KO,R1
UFC 329,Zach Reese,-225,170,35.71,46.33,52.72,45.7,56.0,19.8,38.55,21.67,38.85,38.07,36.99,34.83,40.20,41.04,39.13,41.07,40.83,41.02,L,KO,R1
UFC 329,Cody Durden,-250,230,29.34,39.48,34,31.9,33.0,7.9,30.77,35.36,32.58,35.27,31.47,33.09,33.20,33.95,31.01,33.04,32.96,34.41,L,SUB,R2
UFC 329,Alessandro Costa,-300,-270,70.66,60.52,66,68.1,67.0,92.1,69.23,64.64,67.42,64.73,68.53,66.91,66.80,66.05,68.99,66.96,67.04,65.59,W,SUB,R2